Date,Month,Year,Open,High,Low,Close,Adj Close,Volume
11/24/2014,November,2014,13275,13525,13225,13275,12520.87305,15453800
11/25/2014,November,2014,13250,13325,13250,13250,12497.29395,16735700
11/26/2014,November,2014,13225,13325,13225,13225,12473.71387,6002200
11/27/2014,November,2014,13100,13325,13050,13100,12355.81543,15265700
11/28/2014,November,2014,13100,13175,13025,13100,12355.81543,8120300
12/1/2014,December,2014,13200,13200,13050,13075,12332.23438,13353600
12/2/2014,December,2014,13075,13300,13075,13200,12450.13477,17517100
12/3/2014,December,2014,13225,13350,13100,13250,12497.29395,11391700
12/4/2014,December,2014,13350,13400,13250,13250,12497.29395,10569600
12/5/2014,December,2014,13300,13425,13275,13350,12639.30664,13317300
12/8/2014,December,2014,13275,13400,13225,13275,12568.30078,7487100
12/9/2014,December,2014,13300,13400,13150,13250,12544.63281,7650800
12/10/2014,December,2014,13150,13375,13150,13300,12591.96973,6599600
12/11/2014,December,2014,13300,13375,13225,13275,12568.30078,10891900
12/12/2014,December,2014,13200,13325,13200,13250,12544.63281,10060400
12/15/2014,December,2014,13000,13100,12875,13050,12355.2793,18926600
12/16/2014,December,2014,12950,13200,12825,12850,12165.92578,14152600
12/17/2014,December,2014,13000,13050,12850,12850,12165.92578,10292800
12/18/2014,December,2014,13000,13050,12925,12975,12284.27051,10454200
12/19/2014,December,2014,13150,13250,13100,13175,12473.625,16677900
12/22/2014,December,2014,13250,13250,13075,13075,12378.94629,6660200
12/23/2014,December,2014,13200,13200,13125,13150,12449.95508,4226400
12/24/2014,December,2014,13250,13275,13175,13200,12497.29297,3827100
12/29/2014,December,2014,13150,13250,13125,13150,12449.95508,4863000
12/30/2014,December,2014,13075,13200,13075,13125,12426.28613,6467700
1/2/2015,January,2015,13275,13275,13150,13225,12520.96191,5860500
1/5/2015,January,2015,13150,13200,13125,13200,12497.29297,5086900
1/6/2015,January,2015,13000,13200,13000,13100,12402.61621,9736300
1/7/2015,January,2015,13050,13200,13050,13125,12426.28613,8066800
1/8/2015,January,2015,13125,13150,12975,12975,12284.27051,10891400
1/9/2015,January,2015,13025,13075,12925,12925,12236.93457,21791500
1/12/2015,January,2015,12925,13000,12800,13000,12307.93945,16330200
1/13/2015,January,2015,13050,13050,12975,13000,12307.93945,7204800
1/14/2015,January,2015,13025,13025,12925,12925,12236.93457,5945600
1/15/2015,January,2015,12950,13050,12950,12950,12260.60254,5516100
1/16/2015,January,2015,13025,13025,12950,12950,12260.60254,9270900
1/19/2015,January,2015,12975,13025,12975,13000,12307.93945,5226900
1/20/2015,January,2015,12975,13050,12925,13025,12331.6084,7257100
1/21/2015,January,2015,13050,13200,13025,13075,12378.94629,14651600
1/22/2015,January,2015,13050,13225,13050,13200,12497.29297,11730800
1/23/2015,January,2015,13225,13400,13225,13325,12615.63867,24202200
1/26/2015,January,2015,13325,13400,13025,13150,12449.95508,20617800
1/27/2015,January,2015,13150,13225,13125,13200,12497.29297,9997700
1/28/2015,January,2015,13175,13325,13150,13275,12568.30078,9646000
1/29/2015,January,2015,13250,13325,13200,13325,12615.63867,8319900
1/30/2015,January,2015,13400,13425,13325,13375,12662.97656,18828500
2/2/2015,February,2015,13350,13375,13250,13350,12639.30664,7763300
2/3/2015,February,2015,13375,13500,13350,13500,12781.32227,13409300
2/4/2015,February,2015,13525,14000,13475,13900,13160.02832,27261200
2/5/2015,February,2015,13900,13925,13375,13700,12970.67481,16784700
2/6/2015,February,2015,13775,13800,13650,13700,12970.67481,10812100
2/9/2015,February,2015,13500,13900,13500,13800,13065.35352,13721800
2/10/2015,February,2015,13875,13900,13650,13750,13018.01367,10108100
2/11/2015,February,2015,13775,13925,13700,13925,13183.69824,9294300
2/12/2015,February,2015,13925,13950,13850,13900,13160.02832,11691100
2/13/2015,February,2015,14000,14250,13975,14025,13278.37207,18130700
2/16/2015,February,2015,14050,14175,14000,14000,13254.70606,6100200
2/17/2015,February,2015,14000,14125,14000,14075,13325.71289,9589000
2/18/2015,February,2015,14200,14550,14000,14075,13325.71289,11556400
2/20/2015,February,2015,14300,14325,14050,14050,13302.04199,5032400
2/23/2015,February,2015,14075,14225,13975,14025,13278.37207,11174300
2/24/2015,February,2015,14050,14075,13925,14050,13302.04199,9296400
2/25/2015,February,2015,14000,14175,14000,14100,13349.38086,7914600
2/26/2015,February,2015,13975,14175,13975,14075,13325.71289,12680100
2/27/2015,February,2015,14000,14150,14000,14100,13349.38086,18251500
3/2/2015,March,2015,14150,14300,14100,14225,13467.72656,21156700
3/3/2015,March,2015,14350,14575,14325,14400,13633.41113,20033200
3/4/2015,March,2015,14500,14575,14375,14425,13657.0791,12264300
3/5/2015,March,2015,14500,14650,14475,14500,13728.08691,12669500
3/6/2015,March,2015,14500,14675,14500,14600,13822.76367,16944400
3/9/2015,March,2015,14400,14475,14100,14375,13609.74121,15167500
3/10/2015,March,2015,14400,14525,14250,14425,13657.0791,11281100
3/11/2015,March,2015,14250,14375,14225,14275,13515.06543,17254100
3/12/2015,March,2015,14225,14275,14150,14200,13444.05859,11499300
3/13/2015,March,2015,14200,14275,14050,14100,13349.38086,15980300
3/16/2015,March,2015,14025,14325,14025,14150,13396.71973,12070700
3/17/2015,March,2015,14275,14300,14100,14100,13349.38086,10145900
3/18/2015,March,2015,14100,14250,14100,14225,13467.72656,10469300
3/19/2015,March,2015,14300,14350,14175,14250,13491.39551,11714700
3/20/2015,March,2015,14175,14475,14175,14325,13562.4043,20868600
3/23/2015,March,2015,14400,14550,14400,14450,13680.74902,8859500
3/24/2015,March,2015,14550,14675,14500,14550,13775.42481,12999200
3/25/2015,March,2015,14550,14750,14500,14625,13846.43066,7362200
3/26/2015,March,2015,14500,14725,14475,14525,13751.75684,14394500
3/27/2015,March,2015,14475,14525,14375,14450,13680.74902,13998600
3/30/2015,March,2015,14450,14650,14450,14500,13728.08691,10197100
3/31/2015,March,2015,14800,14825,14675,14825,14035.78516,17119600
4/1/2015,April,2015,14875,14925,14775,14825,14035.78516,8418700
4/2/2015,April,2015,14925,14925,14725,14800,14012.11719,8484800
4/6/2015,April,2015,14800,15450,14775,15175,14367.1543,14246500
4/7/2015,April,2015,15475,15600,15275,15300,14485.49902,11768800
4/8/2015,April,2015,15075,15150,14900,15025,14225.13965,17383200
4/9/2015,April,2015,15075,15200,14950,15075,14272.47754,13741600
4/10/2015,April,2015,15200,15225,14950,15050,14248.80762,11341200
4/13/2015,April,2015,15025,15075,14975,15025,14225.13965,8327100
4/14/2015,April,2015,15000,15125,14925,14950,14154.13086,16022500
4/15/2015,April,2015,14900,14950,14650,14750,13964.77832,21675400
4/16/2015,April,2015,14800,14925,14675,14900,14106.79199,18720300
4/17/2015,April,2015,14900,14900,14750,14750,14057.23633,25866300
4/20/2015,April,2015,14700,14900,14625,14700,14009.58398,11410300
4/21/2015,April,2015,14725,15000,14700,14900,14200.19043,20386900
4/22/2015,April,2015,14950,14950,14825,14875,14176.36426,16084900
4/23/2015,April,2015,14950,15000,14875,14900,14200.19043,9183300
4/24/2015,April,2015,14900,15000,14850,14900,14200.19043,10309800
4/27/2015,April,2015,14800,14850,14025,14200,13533.06738,42938700
4/28/2015,April,2015,14100,14200,13900,14050,13390.11231,29198800
4/29/2015,April,2015,14000,14000,13200,13500,12865.94434,57820700
4/30/2015,April,2015,13300,13700,12900,13475,12842.11914,40373900
5/4/2015,May,2015,13475,13850,13450,13725,13080.37695,17541000
5/5/2015,May,2015,13750,13925,13675,13850,13199.50586,18028300
5/6/2015,May,2015,13750,13775,13575,13700,13056.55078,30023800
5/7/2015,May,2015,13600,13775,13575,13700,13056.55078,11017400
5/8/2015,May,2015,13750,13875,13675,13775,13128.02832,11339600
5/11/2015,May,2015,13800,13825,13625,13700,13056.55078,13507400
5/12/2015,May,2015,13625,13825,13600,13725,13080.37695,10884900
5/13/2015,May,2015,13650,13800,13650,13725,13080.37695,13786000
5/15/2015,May,2015,13725,13775,13400,13525,12889.77051,20493800
5/18/2015,May,2015,13600,13625,13525,13600,12961.24707,8765400
5/19/2015,May,2015,13625,13850,13550,13650,13008.90039,10421400
5/20/2015,May,2015,13775,14025,13700,13875,13223.33106,11696500
5/21/2015,May,2015,13950,14375,13900,14125,13461.58887,12730000
5/22/2015,May,2015,14250,14500,14100,14350,13676.02051,12780500
5/25/2015,May,2015,14350,14375,14250,14300,13628.36914,7885000
5/26/2015,May,2015,14200,14500,14150,14350,13676.02051,23547700
5/27/2015,May,2015,14350,14400,14250,14250,13580.71875,15876800
5/28/2015,May,2015,14100,14250,14050,14150,13485.41504,7388000
5/29/2015,May,2015,14225,14300,14075,14125,13461.58887,22257500
6/1/2015,June,2015,14000,14125,13950,14125,13461.58887,4863400
6/3/2015,June,2015,14000,14025,13475,13600,12961.24707,31835000
6/4/2015,June,2015,13500,13750,13500,13625,12985.07324,11663900
6/5/2015,June,2015,13450,13700,13450,13650,13008.90039,9654400
6/8/2015,June,2015,13500,13600,13400,13575,12937.42188,17377600
6/9/2015,June,2015,13400,13525,13050,13300,12675.33691,26388300
6/10/2015,June,2015,13300,13600,13050,13325,12699.16406,16443600
6/11/2015,June,2015,13400,13475,13150,13350,12722.98828,12842100
6/12/2015,June,2015,13175,13300,13125,13250,12627.6875,15485500
6/15/2015,June,2015,13300,13325,13225,13300,12675.33691,8969800
6/16/2015,June,2015,13275,13475,13150,13350,12722.98828,13478800
6/17/2015,June,2015,13500,13825,13450,13725,13080.37695,13846000
6/18/2015,June,2015,13700,13700,13500,13625,12985.07324,5909300
6/19/2015,June,2015,13625,13825,13625,13700,13056.55078,14179100
6/22/2015,June,2015,13700,13800,13650,13725,13080.37695,7375600
6/23/2015,June,2015,13725,13750,13675,13675,13032.72461,8233100
6/24/2015,June,2015,13650,13775,13625,13625,12985.07324,11761900
6/25/2015,June,2015,13625,13700,13350,13475,12842.11914,16420200
6/26/2015,June,2015,13450,13750,13300,13550,12913.5957,13000700
6/29/2015,June,2015,13400,13550,13325,13500,12865.94434,10037400
6/30/2015,June,2015,13625,13750,13500,13500,12865.94434,13829000
7/1/2015,July,2015,13600,13650,13500,13500,12865.94434,7197500
7/2/2015,July,2015,13475,13725,13350,13600,12961.24707,10909700
7/3/2015,July,2015,13500,13650,13500,13625,12985.07324,4569100
7/6/2015,July,2015,13575,13650,13500,13600,12961.24707,9000600
7/7/2015,July,2015,13525,13625,13200,13200,12580.03516,12993700
7/8/2015,July,2015,13400,13450,13100,13325,12699.16406,14994000
7/9/2015,July,2015,13150,13250,13050,13250,12627.6875,11722200
7/10/2015,July,2015,13250,13400,13250,13300,12675.33691,8567300
7/13/2015,July,2015,13300,13550,13300,13500,12865.94434,10608100
7/14/2015,July,2015,13550,13650,13500,13600,12961.24707,8366700
7/15/2015,July,2015,13475,13500,13400,13500,12865.94434,12289000
7/22/2015,July,2015,13575,13575,13275,13550,12913.5957,17995100
7/23/2015,July,2015,13600,13900,13525,13750,13104.20215,7425900
7/24/2015,July,2015,13775,13775,13600,13725,13080.37695,3805200
7/27/2015,July,2015,13500,13525,13200,13450,12818.29297,12803100
7/28/2015,July,2015,13200,13225,12900,13000,12389.42773,22592700
7/29/2015,July,2015,13000,13150,12650,12850,12246.47266,16387500
7/30/2015,July,2015,12875,13125,12800,12800,12198.82031,9360200
7/31/2015,July,2015,12950,13150,12850,13100,12484.73145,23175300
8/3/2015,August,2015,12925,13250,12925,13250,12627.6875,12242600
8/4/2015,August,2015,13300,13400,13125,13300,12675.33691,8942500
8/5/2015,August,2015,13300,13850,13225,13700,13056.55078,14796900
8/6/2015,August,2015,13700,13900,13700,13800,13151.85449,13285200
8/7/2015,August,2015,13700,13800,13575,13750,13104.20215,5452400
8/10/2015,August,2015,13650,13850,13575,13850,13199.50586,5126700
8/11/2015,August,2015,13850,13900,13350,13550,12913.5957,10523800
8/12/2015,August,2015,13200,13250,12975,13150,12532.38379,29759000
8/13/2015,August,2015,12850,13225,12850,13200,12580.03516,20467800
8/14/2015,August,2015,13250,13275,13175,13250,12627.6875,6372000
8/18/2015,August,2015,13250,13325,12925,12975,12365.60156,20440900
8/19/2015,August,2015,12850,12950,12650,12700,12103.51856,16407000
8/20/2015,August,2015,12700,12700,12250,12275,11698.47852,25421100
8/21/2015,August,2015,12100,12200,11850,11875,11317.26563,21967600
8/24/2015,August,2015,11400,11850,11000,11300,10769.27148,34618800
8/25/2015,August,2015,11500,11975,11400,11625,11079.00781,36831200
8/26/2015,August,2015,11850,11900,11525,11850,11293.43945,20801300
8/27/2015,August,2015,12150,12750,12150,12600,12008.21387,22697700
8/28/2015,August,2015,12850,12900,12750,12850,12246.47266,21706200
8/31/2015,August,2015,12850,12900,12725,12900,12294.125,19665400
9/1/2015,September,2015,12850,12850,12500,12575,11984.38867,10287300
9/2/2015,September,2015,12200,12450,12200,12275,11698.47852,21367400
9/3/2015,September,2015,12425,12450,12250,12300,11722.30566,8826100
9/4/2015,September,2015,12275,12275,12175,12250,11674.65332,10084800
9/7/2015,September,2015,12200,12200,11925,11925,11364.91895,7124000
9/8/2015,September,2015,11825,12000,11750,11800,11245.78809,13236700
9/9/2015,September,2015,11900,12025,11900,11925,11364.91895,10665500
9/10/2015,September,2015,11850,12025,11775,11925,11364.91895,12626100
9/11/2015,September,2015,12000,12000,11900,11925,11364.91895,9006500
9/14/2015,September,2015,12000,12125,11925,12100,11531.69824,7167200
9/15/2015,September,2015,12000,12100,11825,11950,11388.74316,7667000
9/16/2015,September,2015,11900,11925,11800,11850,11293.43945,13356400
9/17/2015,September,2015,11950,12225,11925,12225,11650.82715,11539600
9/18/2015,September,2015,12100,12275,12050,12275,11698.47852,19887600
9/21/2015,September,2015,12100,12225,12025,12175,11603.17578,9442200
9/22/2015,September,2015,12050,12200,12050,12150,11579.35059,11774200
9/23/2015,September,2015,11925,12000,11850,11875,11317.26563,18146300
9/25/2015,September,2015,11925,11975,11725,11800,11245.78809,14249100
9/28/2015,September,2015,11750,11750,11450,11475,10936.05176,9888500
9/29/2015,September,2015,11375,11975,11300,11900,11341.09277,13611200
9/30/2015,September,2015,12000,12450,11900,12275,11698.47852,18258400
10/1/2015,October,2015,12300,12500,12000,12000,11436.39356,9973700
10/2/2015,October,2015,12000,12350,11875,11875,11317.26563,8669600
10/5/2015,October,2015,12300,12800,12175,12550,11960.5625,22151100
10/6/2015,October,2015,12600,13075,12600,12950,12341.77539,28286900
10/7/2015,October,2015,13000,13200,12950,13000,12389.42773,24375100
10/8/2015,October,2015,13100,13350,13025,13100,12484.73145,16126200
10/9/2015,October,2015,13325,13425,13200,13200,12580.03516,29640800
10/12/2015,October,2015,13250,13600,13250,13375,12746.81543,30982700
10/13/2015,October,2015,13400,13400,12925,12950,12341.77539,17232400
10/15/2015,October,2015,13000,13150,12925,12975,12365.60156,22448700
10/16/2015,October,2015,13000,13000,12750,12800,12198.82031,16148300
10/19/2015,October,2015,12800,13275,12800,13125,12508.55664,15137600
10/20/2015,October,2015,13275,13300,13150,13200,12580.03516,15303900
10/21/2015,October,2015,13300,13500,13300,13325,12699.16406,9700100
10/22/2015,October,2015,13450,13500,13350,13400,12770.64063,8259500
10/23/2015,October,2015,13775,13775,13425,13475,12842.11914,10918700
10/26/2015,October,2015,13650,13725,13575,13650,13008.90039,14502200
10/27/2015,October,2015,13550,13700,13450,13650,13008.90039,8379800
10/28/2015,October,2015,13425,13725,13425,13575,12937.42188,10391900
10/29/2015,October,2015,13625,13725,13000,13150,12532.38379,14605800
10/30/2015,October,2015,13250,13250,12900,12900,12294.125,13346000
11/2/2015,November,2015,12800,12900,12675,12775,12174.99609,17060800
11/3/2015,November,2015,12900,13225,12900,13150,12532.38379,12256000
11/4/2015,November,2015,13250,13625,13250,13425,12794.46777,16390100
11/5/2015,November,2015,13500,13725,13325,13550,12913.5957,11690900
11/6/2015,November,2015,13750,13750,13450,13550,12913.5957,5770700
11/9/2015,November,2015,13500,13500,13025,13125,12508.55664,7471600
11/10/2015,November,2015,13000,13250,12925,12925,12317.9502,13627400
11/11/2015,November,2015,12950,13125,12925,12975,12365.60156,8659600
11/12/2015,November,2015,12975,13300,12975,12975,12365.60156,5399300
11/13/2015,November,2015,12900,13025,12900,12925,12370.3877,7821300
11/16/2015,November,2015,12850,12900,12650,12900,12346.46094,7279800
11/17/2015,November,2015,13100,13300,13100,13125,12561.80469,15583600
11/18/2015,November,2015,13125,13325,13050,13075,12513.9502,6968700
11/19/2015,November,2015,13100,13225,12950,12950,12394.31445,17082800
11/20/2015,November,2015,12950,13200,12900,13150,12585.73145,10233500
11/23/2015,November,2015,13250,13325,13175,13300,12729.29688,10468200
11/24/2015,November,2015,13250,13575,13250,13475,12896.78613,18933100
11/25/2015,November,2015,13475,13625,13450,13500,12920.71387,10291700
11/26/2015,November,2015,13600,13725,13500,13525,12944.6416,16979700
11/27/2015,November,2015,13600,13600,13100,13150,12585.73145,4651500
11/30/2015,November,2015,13100,13125,12375,12375,11843.98828,71237600
12/1/2015,December,2015,12700,13325,12700,13250,12681.44043,28952000
12/2/2015,December,2015,13275,13450,13100,13300,12729.29688,13942100
12/3/2015,December,2015,13200,13350,13125,13300,12729.29688,7710900
12/4/2015,December,2015,13300,13300,13100,13125,12561.80469,9185900
12/7/2015,December,2015,13200,13350,13175,13225,12657.51465,9839400
12/8/2015,December,2015,13075,13350,13000,13025,12466.0957,10551500
12/9/2015,December,2015,13025,13025,13025,13025,12466.0957,0
12/10/2015,December,2015,12900,13500,12900,13500,12920.71387,15211900
12/11/2015,December,2015,13450,13450,13025,13200,12633.58789,11945500
12/14/2015,December,2015,13000,13200,12950,13200,12633.58789,9516100
12/15/2015,December,2015,13050,13200,13050,13100,12537.87793,9458300
12/16/2015,December,2015,13375,13550,13275,13475,12896.78613,14020000
12/17/2015,December,2015,13800,13800,13575,13600,13016.42285,22933500
12/18/2015,December,2015,13450,13500,13225,13225,12657.51465,18177400
12/21/2015,December,2015,13150,13375,13150,13175,12609.66016,6913600
12/22/2015,December,2015,13200,13300,13175,13200,12633.58789,12320100
12/23/2015,December,2015,13150,13300,13125,13175,12609.66016,9088400
12/28/2015,December,2015,13100,13400,13100,13325,12753.22363,13088100
12/29/2015,December,2015,13200,13400,13200,13250,12681.44043,11430700
12/30/2015,December,2015,13250,13700,13250,13300,12729.29688,14572600
1/4/2016,January,2016,13175,13425,13150,13225,12657.51465,15495900
1/5/2016,January,2016,13200,13550,13200,13375,12801.07617,19321800
1/6/2016,January,2016,13325,13500,13200,13200,12633.58789,21074000
1/7/2016,January,2016,13100,13150,13000,13000,12442.1709,29349300
1/8/2016,January,2016,12950,13100,12950,13000,12442.1709,25164000
1/11/2016,January,2016,12950,12975,12750,12750,12202.89551,15190400
1/12/2016,January,2016,12900,13225,12900,13100,12537.87793,17218700
1/13/2016,January,2016,13225,13300,13150,13175,12609.66016,15317400
1/14/2016,January,2016,13000,13150,12975,13025,12466.0957,23842700
1/15/2016,January,2016,13100,13150,13000,13000,12442.1709,13665200
1/18/2016,January,2016,12850,13100,12825,12975,12418.24219,16263400
1/19/2016,January,2016,13050,13100,12950,13075,12513.9502,10942200
1/20/2016,January,2016,13000,13075,12975,13025,12466.0957,15135200
1/21/2016,January,2016,13050,13050,12950,12950,12394.31445,15387600
1/22/2016,January,2016,13050,13100,12950,13000,12442.1709,14302200
1/25/2016,January,2016,13200,13225,13025,13125,12561.80469,11367100
1/26/2016,January,2016,13050,13150,12975,13000,12442.1709,11428600
1/27/2016,January,2016,13100,13200,13075,13100,12537.87793,24455700
1/28/2016,January,2016,13100,13275,13100,13150,12585.73145,25354800
1/29/2016,January,2016,13200,13225,12975,13100,12537.87793,35139600
2/1/2016,February,2016,13100,13225,12975,13225,12657.51465,17874200
2/2/2016,February,2016,13225,13225,13075,13100,12537.87793,19326200
2/3/2016,February,2016,13000,13100,12975,13050,12490.02246,13045800
2/4/2016,February,2016,13000,13250,13000,13150,12585.73145,16574800
2/5/2016,February,2016,13100,13575,13100,13425,12848.93164,53026700
2/9/2016,February,2016,13400,13425,13200,13300,12729.29688,10903300
2/10/2016,February,2016,13250,13400,13250,13275,12705.36816,13800300
2/11/2016,February,2016,13200,13550,13200,13350,12777.15039,31917200
2/12/2016,February,2016,13375,13550,13250,13275,12705.36816,24212500
2/15/2016,February,2016,13400,13450,13325,13350,12777.15039,12890500
2/16/2016,February,2016,13325,13525,13325,13400,12825.00586,20107700
2/17/2016,February,2016,13400,13475,13350,13400,12825.00586,15281300
2/18/2016,February,2016,13500,13575,13400,13400,12825.00586,29305700
2/19/2016,February,2016,13300,13300,12925,13050,12490.02246,29542400
2/22/2016,February,2016,13025,13250,13000,13175,12609.66016,11131600
2/23/2016,February,2016,13200,13275,13025,13100,12537.87793,18498400
2/24/2016,February,2016,13025,13150,12875,13025,12466.0957,16959900
2/25/2016,February,2016,13100,13200,13025,13075,12513.9502,14801600
2/26/2016,February,2016,13150,13500,13150,13350,12777.15039,28235000
2/29/2016,February,2016,13500,13525,13375,13475,12896.78613,27767400
3/1/2016,March,2016,13475,13550,13350,13400,12825.00586,15918100
3/2/2016,March,2016,13525,13550,13325,13450,12872.85938,25213900
3/3/2016,March,2016,13425,13550,13425,13525,12944.6416,23011500
3/4/2016,March,2016,13600,13700,13525,13575,12992.49609,20469400
3/7/2016,March,2016,13600,13650,13500,13575,12992.49609,21124600
3/8/2016,March,2016,13500,13575,13200,13400,12825.00586,22024400
3/10/2016,March,2016,13325,13450,13150,13400,12825.00586,21814700
3/11/2016,March,2016,null,null,null,null,null,null
3/14/2016,March,2016,null,null,null,null,null,null
3/15/2016,March,2016,13575,13600,13500,13575,12992.49609,14014400
3/16/2016,March,2016,13600,13625,13525,13600,13016.42285,14411600
3/17/2016,March,2016,13675,13850,13625,13725,13136.05859,25074200
3/18/2016,March,2016,13650,13925,13550,13700,13112.13184,24191000
3/21/2016,March,2016,13700,13900,13650,13775,13183.91309,9244800
3/22/2016,March,2016,13750,13750,13575,13650,13064.27832,9486800
3/23/2016,March,2016,13650,13650,13425,13500,12920.71387,10425600
3/24/2016,March,2016,13400,13450,13250,13325,12753.22363,14642900
3/28/2016,March,2016,13325,13325,13050,13175,12609.66016,11965900
3/29/2016,March,2016,13175,13225,13075,13075,12513.9502,17764500
3/30/2016,March,2016,13125,13450,13125,13125,12561.80469,27417200
3/31/2016,March,2016,13275,13325,13175,13300,12729.29688,21590200
4/1/2016,April,2016,13300,13325,13200,13300,12729.29688,14760500
4/4/2016,April,2016,13425,13425,13300,13325,12753.22363,9926100
4/5/2016,April,2016,13325,13450,13300,13325,12753.22363,16740100
4/6/2016,April,2016,13300,13425,13050,13050,12490.02246,17852800
4/7/2016,April,2016,13200,13250,13100,13100,12537.87793,20263700
4/8/2016,April,2016,13100,13200,13075,13075,12513.9502,14094700
4/11/2016,April,2016,null,null,null,null,null,null
4/12/2016,April,2016,13000,13125,12975,13050,12490.02246,11345400
4/13/2016,April,2016,null,null,null,null,null,null
4/14/2016,April,2016,null,null,null,null,null,null
4/15/2016,April,2016,null,null,null,null,null,null
4/18/2016,April,2016,null,null,null,null,null,null
4/19/2016,April,2016,13050,13050,13050,13050,12490.02246,0
4/20/2016,April,2016,13025,13150,13000,13100,12537.87793,13862600
4/21/2016,April,2016,13100,13125,13000,13100,12537.87793,12517200
4/22/2016,April,2016,13100,13150,13050,13125,12561.80469,7852800
4/25/2016,April,2016,13100,13125,12925,13100,12537.87793,12415800
4/26/2016,April,2016,13050,13050,12775,12950,12394.31445,25947500
4/27/2016,April,2016,12950,13050,12925,13050,12490.02246,12837100
4/28/2016,April,2016,13125,13175,13000,13025,12466.0957,13770800
4/29/2016,April,2016,13025,13125,13000,13050,12490.02246,12200300
5/2/2016,May,2016,13100,13125,12975,13100,12537.87793,5209600
5/3/2016,May,2016,13125,13175,13025,13050,12490.02246,16444900
5/4/2016,May,2016,13050,13100,13025,13100,12537.87793,15109000
5/9/2016,May,2016,13100,13200,13050,13125,12561.80469,18289200
5/10/2016,May,2016,13050,13300,13050,13175,12609.66016,31665600
5/11/2016,May,2016,13150,13300,13100,13150,12585.73145,18296000
5/12/2016,May,2016,13100,13200,13100,13150,12585.73145,8651900
5/13/2016,May,2016,13000,13200,13000,13150,12585.73145,15137200
5/16/2016,May,2016,13100,13100,12950,13025,12466.0957,16815400
5/17/2016,May,2016,13025,13050,12900,13000,12442.1709,12965800
5/18/2016,May,2016,12900,13050,12900,13025,12466.0957,13354200
5/19/2016,May,2016,13000,13025,12950,12975,12418.24219,21176300
5/20/2016,May,2016,12950,13025,12950,13025,12466.0957,13600800
5/23/2016,May,2016,13000,13100,12925,13100,12537.87793,6349700
5/24/2016,May,2016,13050,13075,12975,12975,12418.24219,13831400
5/25/2016,May,2016,13000,13025,12875,13000,12442.1709,16830100
5/26/2016,May,2016,13075,13075,12900,13025,12466.0957,8411000
5/27/2016,May,2016,13000,13025,12900,13000,12442.1709,16162300
5/30/2016,May,2016,13025,13300,12975,13200,12633.58789,19866000
5/31/2016,May,2016,13300,13300,13000,13000,12442.1709,32144800
6/1/2016,June,2016,13100,13175,13050,13175,12609.66016,16483600
6/2/2016,June,2016,13100,13200,13075,13150,12585.73145,17749400
6/3/2016,June,2016,13050,13150,13025,13125,12561.80469,10767900
6/6/2016,June,2016,13125,13200,13075,13125,12561.80469,21180000
6/7/2016,June,2016,13150,13150,13075,13100,12537.87793,17533100
6/8/2016,June,2016,13075,13125,13000,13100,12537.87793,17915900
6/9/2016,June,2016,13025,13050,12950,13000,12442.1709,13494900
6/10/2016,June,2016,12975,13000,12900,12925,12370.3877,15585600
6/13/2016,June,2016,12850,12950,12750,12775,12226.82324,15159700
6/14/2016,June,2016,12700,12850,12675,12850,12298.60547,15724100
6/15/2016,June,2016,12850,12950,12800,12925,12370.3877,7102500
6/16/2016,June,2016,12950,13025,12925,13000,12442.1709,9932200
6/17/2016,June,2016,13000,13025,12850,12900,12346.46094,12140400
6/20/2016,June,2016,12900,12950,12725,12825,12274.67676,9253400
6/21/2016,June,2016,12825,12900,12725,12825,12274.67676,17942400
6/22/2016,June,2016,12825,13075,12825,12900,12346.46094,12033200
6/23/2016,June,2016,12900,13025,12850,12950,12394.31445,6050400
6/24/2016,June,2016,12875,12950,12625,12775,12226.82324,17376700
6/27/2016,June,2016,12650,12825,12650,12800,12250.75098,8863200
6/28/2016,June,2016,12825,13125,12825,13025,12466.0957,24371200
6/29/2016,June,2016,13150,13300,13150,13300,12729.29688,40029400
6/30/2016,June,2016,13400,13450,13275,13325,12753.22363,37354100
7/1/2016,July,2016,13375,13475,13200,13225,12657.51465,25339100
7/11/2016,July,2016,13350,13600,13250,13500,12920.71387,39414600
7/12/2016,July,2016,13600,13875,13550,13750,13159.98633,38128400
7/13/2016,July,2016,13800,13825,13750,13800,13207.84082,27706100
7/14/2016,July,2016,13900,13950,13825,13850,13255.69531,29678800
7/15/2016,July,2016,13825,14025,13825,14000,13399.25879,39178600
7/18/2016,July,2016,13900,14000,13825,13950,13351.40527,23204600
7/19/2016,July,2016,14000,14325,14000,14300,13686.38672,39133100
7/20/2016,July,2016,14350,14475,14325,14450,13829.94922,28429800
7/21/2016,July,2016,14525,14675,14500,14550,13925.6582,40574300
7/22/2016,July,2016,14500,14600,14250,14525,13901.73047,22301400
7/25/2016,July,2016,14525,14575,14375,14500,13877.80371,22286900
7/26/2016,July,2016,14525,14525,14200,14350,13734.23926,27623600
7/27/2016,July,2016,14425,14650,14400,14550,13925.6582,41639700
7/28/2016,July,2016,14500,14500,14300,14425,13806.02246,18934000
7/29/2016,July,2016,14500,14625,14450,14450,13829.94922,23134800
8/1/2016,August,2016,14375,14975,14375,14875,14236.71289,44218200
8/2/2016,August,2016,14875,15000,14825,15000,14356.34863,31775000
8/3/2016,August,2016,15000,15050,14925,14975,14332.42285,23072700
8/4/2016,August,2016,15000,15075,14975,15000,14356.34863,26371900
8/5/2016,August,2016,15050,15250,15000,15100,14452.05859,35188700
8/8/2016,August,2016,15150,15300,14975,15100,14452.05859,15834800
8/9/2016,August,2016,15100,15100,14950,15000,14356.34863,19340400
8/10/2016,August,2016,15000,15000,14850,14950,14308.49414,12976700
8/11/2016,August,2016,15100,15100,14900,14950,14308.49414,21575300
8/12/2016,August,2016,15025,15225,14950,15000,14356.34863,26296900
8/15/2016,August,2016,15150,15225,15000,15050,14404.20117,20806900
8/16/2016,August,2016,15200,15200,15100,15125,14475.98438,12040100
8/18/2016,August,2016,15125,15300,15125,15200,14547.76758,37250900
8/19/2016,August,2016,15400,15450,15250,15300,14643.47656,33880700
8/22/2016,August,2016,15400,15400,15275,15300,14643.47656,22093700
8/23/2016,August,2016,15500,15500,15100,15275,14619.54883,15340900
8/24/2016,August,2016,15300,15350,15275,15300,14643.47656,22283200
8/25/2016,August,2016,15350,15350,14975,15250,14595.62109,14341000
8/26/2016,August,2016,15250,15250,15150,15200,14547.76758,9757100
8/29/2016,August,2016,15225,15225,14950,15025,14380.27637,8180800
8/30/2016,August,2016,15025,15025,14950,15000,14356.34863,14149900
8/31/2016,August,2016,14850,15175,14850,15050,14404.20117,33831000
9/1/2016,September,2016,14850,15075,14850,15000,14356.34863,11245900
9/2/2016,September,2016,15050,15300,14975,15000,14356.34863,12695600
9/5/2016,September,2016,15275,15275,14975,15000,14356.34863,14888800
9/6/2016,September,2016,15050,15100,14950,15025,14380.27637,14175300
9/7/2016,September,2016,15300,15300,15100,15200,14547.76758,27420600
9/8/2016,September,2016,15300,15300,15150,15175,14523.83984,17693500
9/9/2016,September,2016,15175,15175,14975,15050,14404.20117,17352800
9/13/2016,September,2016,15050,15100,14850,15025,14380.27637,21767000
9/14/2016,September,2016,14950,15000,14800,14975,14332.42285,18580800
9/15/2016,September,2016,15200,15300,14975,15100,14452.05859,31942600
9/16/2016,September,2016,15100,15225,15000,15100,14452.05859,30295400
9/19/2016,September,2016,15250,15275,15100,15250,14595.62109,14136800
9/20/2016,September,2016,15200,15275,15100,15100,14452.05859,14945300
9/21/2016,September,2016,15100,15225,15075,15175,14523.83984,18673400
9/22/2016,September,2016,15350,15600,15325,15350,14691.3291,22554500
9/23/2016,September,2016,15475,15600,15375,15475,14810.9668,22251800
9/26/2016,September,2016,15475,15475,15250,15350,14691.3291,11217500
9/27/2016,September,2016,15100,16000,15000,16000,15313.43945,24297200
9/28/2016,September,2016,15575,15675,15400,15425,14763.11328,20852400
9/29/2016,September,2016,15500,15900,15500,15725,15050.23926,26396600
9/30/2016,September,2016,15975,16000,15500,15700,15026.3125,29338900
10/3/2016,October,2016,15950,16200,15950,15975,15289.51074,15743000
10/4/2016,October,2016,16200,16200,15900,15950,15265.58398,16257000
10/5/2016,October,2016,15750,16000,15750,15800,15122.02051,12673500
10/6/2016,October,2016,16000,16050,15750,15775,15098.09277,11664900
10/7/2016,October,2016,16000,16000,15750,15800,15122.02051,9201300
10/10/2016,October,2016,15700,15925,15650,15700,15026.3125,4991800
10/11/2016,October,2016,15925,15925,15725,15800,15122.02051,14435300
10/12/2016,October,2016,15800,15850,15375,15600,14930.60352,15787200
10/13/2016,October,2016,15600,15675,15350,15450,14787.03809,11549000
10/14/2016,October,2016,15475,16050,15375,15800,15122.02051,21454300
10/17/2016,October,2016,15800,15925,15800,15900,15217.73047,22926100
10/18/2016,October,2016,16000,16075,15950,16050,15361.29297,32105200
10/19/2016,October,2016,15975,16150,15825,15975,15289.51074,8749600
10/20/2016,October,2016,15850,15950,15750,15750,15074.16699,7799200
10/21/2016,October,2016,15850,15850,15775,15800,15122.02051,10536200
10/24/2016,October,2016,15875,15875,15550,15675,15002.38379,12907900
10/25/2016,October,2016,15625,15700,15475,15500,14834.89453,21133200
10/26/2016,October,2016,15600,15600,15475,15500,14834.89453,12330700
10/27/2016,October,2016,15500,15575,15475,15525,14858.82129,15933400
10/28/2016,October,2016,15525,15600,15425,15600,14930.60352,14421000
10/31/2016,October,2016,15500,15600,15425,15525,14858.82129,13108700
11/1/2016,November,2016,15500,15650,15450,15450,14787.03809,15531500
11/2/2016,November,2016,15450,15525,15325,15475,14810.9668,20289200
11/3/2016,November,2016,15500,15500,15300,15425,14763.11328,13691000
11/4/2016,November,2016,15350,15500,15300,15500,14834.89453,12436500
11/7/2016,November,2016,15250,15525,15100,15400,14739.18555,22099400
11/8/2016,November,2016,15400,15600,15400,15500,14834.89453,21302900
11/9/2016,November,2016,15500,15575,15250,15300,14643.47656,25375000
11/10/2016,November,2016,15300,15425,15225,15225,14571.69531,13976500
11/11/2016,November,2016,15000,15000,14500,14675,14045.29492,44513300
11/14/2016,November,2016,14400,14400,13950,14375,13758.16699,31337800
11/15/2016,November,2016,14300,14875,14100,14550,13925.6582,27094900
11/16/2016,November,2016,14575,14925,14575,14725,14093.14844,25807100
11/17/2016,November,2016,14750,14850,14700,14750,14117.07617,24099800
11/18/2016,November,2016,14700,14750,14625,14725,14093.14844,16140300
11/21/2016,November,2016,14700,14775,14625,14725,14093.14844,17475000
11/22/2016,November,2016,14500,14725,14500,14650,14021.36914,25863400
11/23/2016,November,2016,14650,14750,14625,14700,14069.22266,10228700
11/24/2016,November,2016,14500,14700,14400,14550,13925.6582,16662600
11/25/2016,November,2016,14500,14550,14450,14525,13901.73047,14252500
11/28/2016,November,2016,14450,14525,14325,14375,13758.16699,15157200
11/29/2016,November,2016,14325,14425,14125,14350,13734.23926,20393800
11/30/2016,November,2016,14350,14400,14275,14300,13686.38672,32615700
12/1/2016,December,2016,14300,14575,14275,14500,13946.07031,21425500
12/2/2016,December,2016,14650,15125,14575,14675,14114.38574,27482300
12/5/2016,December,2016,14675,14825,14500,14650,14090.3418,12975800
12/6/2016,December,2016,14700,14750,14600,14675,14114.38574,11801900
12/7/2016,December,2016,14700,14725,14600,14650,14090.3418,13904900
12/8/2016,December,2016,14500,14875,14500,14700,14138.43066,24359100
12/9/2016,December,2016,14800,14800,14650,14700,14138.43066,17319200
12/13/2016,December,2016,14675,14775,14500,14700,14138.43066,24272000
12/14/2016,December,2016,14700,15000,14700,14750,14186.52051,25671200
12/15/2016,December,2016,14725,14825,14700,14775,14210.56543,25083400
12/16/2016,December,2016,14700,15000,14650,14800,14234.60938,21125700
12/19/2016,December,2016,14500,14825,14500,14725,14162.47656,10731600
12/20/2016,December,2016,14550,14800,14550,14775,14210.56543,7429000
12/21/2016,December,2016,14800,14800,14625,14675,14114.38574,19433000
12/22/2016,December,2016,14500,14575,14400,14550,13994.16113,15154600
12/23/2016,December,2016,14400,14600,14275,14450,13897.98145,14731300
12/27/2016,December,2016,14300,14850,14125,14800,14234.60938,8349800
12/28/2016,December,2016,14900,15025,14725,14725,14162.47656,14019600
12/29/2016,December,2016,14800,15425,14725,15350,14763.59961,24463300
12/30/2016,December,2016,15350,15550,15325,15500,14907.86914,47100100
1/2/2017,January,2017,15500,15500,15500,15500,14907.86914,0
1/3/2017,January,2017,15500,15775,15225,15775,15172.36328,9349600
1/4/2017,January,2017,15850,15875,15650,15700,15100.22852,17043300
1/5/2017,January,2017,15700,15775,15625,15675,15076.18457,19581800
1/6/2017,January,2017,15450,15700,15450,15600,15004.04883,7320600
1/9/2017,January,2017,15550,15600,15150,15350,14763.59961,17617500
1/10/2017,January,2017,15450,15500,15325,15400,14811.68848,10400900
1/11/2017,January,2017,15550,15575,15300,15300,14715.51074,8754500
1/12/2017,January,2017,15300,15450,15275,15325,14739.55371,6156200
1/13/2017,January,2017,15200,15575,15200,15275,14691.46387,13902500
1/16/2017,January,2017,15200,15250,15000,15175,14595.28613,12407900
1/17/2017,January,2017,15175,15250,15150,15175,14595.28613,4473700
1/18/2017,January,2017,15275,15300,15150,15300,14715.51074,18682100
1/19/2017,January,2017,15350,15400,15250,15375,14787.64356,6872100
1/20/2017,January,2017,15250,15275,15050,15250,14667.41895,8848500
1/23/2017,January,2017,15200,15300,15050,15050,14475.06055,4392400
1/24/2017,January,2017,15200,15250,15050,15050,14475.06055,7250200
1/25/2017,January,2017,15275,15275,14950,14950,14378.87988,6632300
1/26/2017,January,2017,15000,15425,15000,15300,14715.51074,10721200
1/27/2017,January,2017,15150,15550,15150,15400,14811.68848,7511100
1/30/2017,January,2017,15575,15575,15325,15450,14859.7793,6734600
1/31/2017,January,2017,15300,15550,15250,15300,14715.51074,7389300
2/1/2017,February,2017,15500,15500,15425,15425,14835.73438,8671800
2/2/2017,February,2017,15325,15475,15275,15450,14859.7793,12316800
2/3/2017,February,2017,15450,15500,15425,15475,14883.8252,8950800
2/6/2017,February,2017,15575,15675,15500,15600,15004.04883,12655000
2/7/2017,February,2017,15425,15625,15425,15625,15028.09375,9574700
2/8/2017,February,2017,15625,15650,15525,15600,15004.04883,14793600
2/9/2017,February,2017,15600,15650,15600,15625,15028.09375,26961300
2/10/2017,February,2017,15625,15700,15000,15000,14426.96973,16584200
2/13/2017,February,2017,15500,15650,15350,15525,14931.91406,19755100
2/14/2017,February,2017,15450,15550,15375,15500,14907.86914,13698400
2/15/2017,February,2017,15500,15500,15500,15500,14907.86914,0
2/16/2017,February,2017,15600,15600,15375,15500,14907.86914,21986900
2/17/2017,February,2017,15450,15575,15350,15475,14883.8252,10822300
2/20/2017,February,2017,15600,15600,15400,15450,14859.7793,9845000
2/21/2017,February,2017,15400,15525,15400,15500,14907.86914,9403300
2/22/2017,February,2017,15400,15575,15400,15500,14907.86914,9553500
2/23/2017,February,2017,15400,15575,15400,15500,14907.86914,16331100
2/24/2017,February,2017,15525,15600,15500,15500,14907.86914,6656100
2/27/2017,February,2017,15500,15525,15400,15500,14907.86914,5723600
2/28/2017,February,2017,15500,15550,15400,15450,14859.7793,22036900
3/1/2017,March,2017,15400,15525,15400,15500,14907.86914,20441800
3/2/2017,March,2017,15650,15675,15475,15500,14907.86914,15661900
3/3/2017,March,2017,15450,15550,15425,15475,14883.8252,17690800
3/6/2017,March,2017,15400,15475,15350,15475,14883.8252,8932300
3/7/2017,March,2017,15400,15500,15400,15450,14859.7793,10516400
3/8/2017,March,2017,15500,15525,15450,15500,14907.86914,17478300
3/9/2017,March,2017,15625,15700,15500,15625,15028.09375,9464400
3/10/2017,March,2017,15700,15700,15475,15625,15028.09375,6877200
3/13/2017,March,2017,15600,15650,15475,15550,14955.95996,4986600
3/14/2017,March,2017,15700,15900,15650,15675,15076.18457,12445000
3/15/2017,March,2017,15775,15775,15525,15650,15052.13867,14057200
3/16/2017,March,2017,15900,16000,15800,15875,15268.54297,37204300
3/17/2017,March,2017,16000,16200,15875,15950,15340.67773,44761700
3/20/2017,March,2017,16100,16225,15950,16075,15460.90234,38255300
3/21/2017,March,2017,16225,16275,16150,16250,15629.21875,26646300
3/22/2017,March,2017,16050,16350,16050,16325,15701.35254,35764200
3/23/2017,March,2017,16400,16750,16375,16600,15965.84668,39154800
3/24/2017,March,2017,16800,16800,16450,16550,15917.75781,17280600
3/27/2017,March,2017,16550,16625,16500,16550,15917.75781,14904800
3/29/2017,March,2017,16675,16825,16625,16700,16062.02637,22529100
3/30/2017,March,2017,16825,16875,16700,16825,16182.25195,19297600
3/31/2017,March,2017,16825,17000,16550,16550,15917.75781,16328500
4/3/2017,April,2017,16575,16950,16575,16575,15941.80273,37377800
4/4/2017,April,2017,16750,16900,16650,16750,16110.11621,14819300
4/5/2017,April,2017,17025,17275,16825,17025,16374.61231,48823900
4/6/2017,April,2017,17200,17375,17200,17325,16663.15234,23406900
4/7/2017,April,2017,17475,17475,17200,17350,16687.19727,26667400
4/10/2017,April,2017,17625,17750,17250,17350,16687.19727,15961100
4/11/2017,April,2017,17500,17600,17250,17450,16783.375,17740400
4/12/2017,April,2017,17450,17700,17425,17650,16975.73633,11365100
4/13/2017,April,2017,17700,17700,17200,17350,16687.19727,10557200
4/17/2017,April,2017,17350,17350,16700,16925,16401.32422,18796800
4/18/2017,April,2017,16975,17050,16850,16925,16528.27539,20443900
4/19/2017,April,2017,16925,16925,16925,16925,16528.27539,0
4/20/2017,April,2017,17200,17650,17125,17325,16918.90039,29369300
4/21/2017,April,2017,17075,17500,17025,17475,17065.38477,17331100
4/25/2017,April,2017,17650,17650,17300,17400,16992.14258,22236100
4/26/2017,April,2017,17650,18000,17300,18000,17578.07813,16433200
4/27/2017,April,2017,17400,17625,17400,17525,17114.21289,13663300
4/28/2017,April,2017,17525,17775,17525,17750,17333.9375,13794200
5/2/2017,May,2017,17750,17950,17750,17900,17480.42188,27694600
5/3/2017,May,2017,17800,17850,17750,17750,17333.9375,8704300
5/4/2017,May,2017,17800,18000,17775,17825,17407.17969,24610100
5/5/2017,May,2017,17750,17825,17575,17775,17358.35156,6716700
5/8/2017,May,2017,17875,18150,17825,17950,17529.25,12808500
5/9/2017,May,2017,18300,18350,17850,18000,17578.07813,10029700
5/10/2017,May,2017,17750,18075,17750,17925,17504.83398,15784400
5/12/2017,May,2017,18525,18550,17850,18000,17578.07813,28399300
5/15/2017,May,2017,18000,18250,18000,18250,17822.2168,8258100
5/16/2017,May,2017,17900,17950,17225,17400,16992.14258,47554900
5/17/2017,May,2017,17400,17425,16925,16950,16552.68945,33357200
5/18/2017,May,2017,16800,17450,16800,17400,16992.14258,40627300
5/19/2017,May,2017,17400,18075,17100,17900,17480.42188,36589600
5/22/2017,May,2017,18150,18250,17425,17650,17236.2793,16350300
5/23/2017,May,2017,17650,17750,17325,17700,17285.10938,17521900
5/24/2017,May,2017,17450,17475,17375,17475,17065.38477,19532700
5/26/2017,May,2017,17500,17725,17450,17575,17163.03906,25213300
5/29/2017,May,2017,17675,17950,17525,17775,17358.35156,20668100
5/30/2017,May,2017,17700,17800,17600,17600,17187.45313,11372400
5/31/2017,May,2017,17600,17650,17150,17150,16748.00195,212572300
6/1/2017,June,2017,17150,17150,17150,17150,16748.00195,0
6/2/2017,June,2017,17425,17650,17325,17550,17138.625,48331300
6/5/2017,June,2017,17800,17825,17475,17725,17309.52539,20515000
6/6/2017,June,2017,17500,17675,17500,17550,17138.625,17400700
6/7/2017,June,2017,17650,17850,17600,17800,17382.76758,14864800
6/8/2017,June,2017,17850,18050,17850,17925,17504.83398,18548600
6/9/2017,June,2017,18100,18100,17525,17700,17285.10938,20213300
6/12/2017,June,2017,17700,17900,17600,17750,17333.9375,7697900
6/13/2017,June,2017,17750,17950,17725,17875,17456.00781,9959400
6/14/2017,June,2017,17700,17975,17700,17975,17553.66211,15824300
6/15/2017,June,2017,18000,18100,17875,18050,17626.90625,23231800
6/16/2017,June,2017,18150,18150,17800,17800,17382.76758,121464400
6/19/2017,June,2017,18000,18050,17875,17925,17504.83398,11302300
6/20/2017,June,2017,17925,18175,17925,18100,17675.73438,17564900
6/21/2017,June,2017,18100,18225,18050,18200,17773.38867,13761800
6/22/2017,June,2017,18250,18325,17975,18150,17724.5625,16421500
6/23/2017,June,2017,18150,18150,18150,18150,17724.5625,0
6/26/2017,June,2017,18150,18150,18150,18150,17724.5625,0
6/27/2017,June,2017,18150,18150,18150,18150,17724.5625,0
6/28/2017,June,2017,18150,18150,18150,18150,17724.5625,0
6/29/2017,June,2017,18150,18150,18150,18150,17724.5625,0
6/30/2017,June,2017,18150,18150,18150,18150,17724.5625,0
7/3/2017,July,2017,18400,18500,18075,18500,18066.35742,42607700
7/4/2017,July,2017,18500,18725,18425,18550,18115.18359,12919800
7/5/2017,July,2017,18550,18675,18300,18350,17919.875,11396200
7/6/2017,July,2017,18200,18350,18100,18225,17797.80273,17861300
7/7/2017,July,2017,18350,18550,18325,18500,18066.35742,16452000
7/10/2017,July,2017,18500,18650,18250,18300,17871.04492,8101200
7/11/2017,July,2017,18325,18450,18250,18325,17895.46094,12320700
7/12/2017,July,2017,18200,18475,18100,18425,17993.11719,17839300
7/13/2017,July,2017,18500,18525,18275,18500,18066.35742,12891200
7/14/2017,July,2017,18550,18550,18300,18400,17968.70117,8340000
7/17/2017,July,2017,18250,18400,18250,18300,17871.04492,12340400
7/18/2017,July,2017,18200,18350,18175,18350,17919.875,7811300
7/19/2017,July,2017,18350,18475,18300,18475,18041.94336,9011500
7/20/2017,July,2017,18475,18500,18350,18450,18017.5293,11958000
7/21/2017,July,2017,18450,18475,18225,18225,17797.80273,5087700
7/24/2017,July,2017,18350,18625,18200,18575,18139.59961,18356200
7/25/2017,July,2017,18650,18675,18400,18575,18139.59961,12895900
7/26/2017,July,2017,18650,18900,18550,18775,18334.91406,23616200
7/27/2017,July,2017,18775,18850,18700,18800,18359.32617,12681900
7/28/2017,July,2017,19000,19000,18700,18800,18359.32617,16947000
7/31/2017,July,2017,18600,18825,18575,18700,18261.66992,13062200
8/1/2017,August,2017,18875,18975,18725,18925,18481.39453,17762000
8/2/2017,August,2017,18925,18975,18825,18925,18481.39453,12536300
8/3/2017,August,2017,19050,19050,18550,18750,18310.49609,8783500
8/4/2017,August,2017,18750,18750,18550,18575,18139.59961,14001400
8/7/2017,August,2017,18750,18750,18575,18625,18188.42773,11521800
8/8/2017,August,2017,18700,19050,18700,19000,18554.63867,11602600
8/9/2017,August,2017,19025,19025,18750,18975,18530.22461,12467100
8/10/2017,August,2017,19050,19050,18725,18825,18383.73828,7693300
8/11/2017,August,2017,18725,18825,18575,18675,18237.25586,13767400
8/14/2017,August,2017,18675,18825,18650,18750,18310.49609,6450800
8/15/2017,August,2017,18700,18800,18500,18675,18237.25586,8562800
8/16/2017,August,2017,18725,18925,18650,18900,18456.98047,10837700
8/17/2017,August,2017,18900,18900,18900,18900,18456.98047,0
8/18/2017,August,2017,18750,18900,18625,18700,18261.66992,10888700
8/21/2017,August,2017,18800,18825,18700,18800,18359.32617,4146800
8/22/2017,August,2017,18800,18875,18800,18800,18359.32617,7163400
8/23/2017,August,2017,18900,19150,18850,19150,18701.12109,9715300
8/24/2017,August,2017,19150,19150,18875,18950,18505.81055,11528200
8/25/2017,August,2017,19100,19200,18975,19100,18652.29297,8771100
8/28/2017,August,2017,18900,19100,18875,19075,18627.87891,5768100
8/29/2017,August,2017,19050,19075,18900,19075,18627.87891,6431000
8/30/2017,August,2017,19200,19200,18925,19100,18652.29297,8450800
8/31/2017,August,2017,18950,19200,18950,18950,18505.81055,13122100
9/1/2017,September,2017,18950,18950,18950,18950,18505.81055,0
9/4/2017,September,2017,18975,19000,18700,18875,18432.56641,7442700
9/5/2017,September,2017,19000,19000,18675,19000,18554.63867,14740300
9/6/2017,September,2017,19000,19025,18800,18900,18456.98047,11954200
9/7/2017,September,2017,19100,19100,18750,18950,18505.81055,8992800
9/8/2017,September,2017,18725,19025,18700,18850,18408.1543,10316600
9/11/2017,September,2017,18975,19025,18900,18900,18456.98047,7299300
9/12/2017,September,2017,18950,19100,18925,19025,18579.05078,10445000
9/13/2017,September,2017,18850,19125,18850,19050,18603.4668,5967000
9/14/2017,September,2017,19125,19150,19050,19100,18652.29297,7550800
9/15/2017,September,2017,19000,19025,18825,18875,18432.56641,32694700
9/18/2017,September,2017,19000,19000,18825,18975,18530.22461,6180700
9/19/2017,September,2017,18850,19175,18825,19075,18627.87891,11915900
9/20/2017,September,2017,19100,19100,18975,19050,18603.4668,15276400
9/21/2017,September,2017,19050,19050,19050,19050,18603.4668,0
9/22/2017,September,2017,19100,19975,19025,19875,19409.12891,25174200
9/25/2017,September,2017,19750,19800,19625,19675,19213.81641,19509900
9/26/2017,September,2017,19675,19775,19600,19650,19189.40039,19986900
9/27/2017,September,2017,19800,19800,19650,19750,19287.05664,24434700
9/28/2017,September,2017,19825,19850,19650,19825,19360.30078,20340700
9/29/2017,September,2017,19975,20375,19825,20300,19824.16797,37720500
10/2/2017,October,2017,20550,20600,20225,20325,19848.58008,10573100
10/3/2017,October,2017,20325,20500,20200,20350,19872.99414,9641900
10/4/2017,October,2017,20550,20550,20275,20325,19848.58008,20322100
10/5/2017,October,2017,20325,20325,20075,20275,19799.75195,24113800
10/6/2017,October,2017,20250,20525,20100,20450,19970.64844,20058100
10/9/2017,October,2017,20300,20400,20250,20350,19872.99414,13031300
10/10/2017,October,2017,20200,20400,20200,20375,19897.4082,11121200
10/11/2017,October,2017,20200,20425,20200,20375,19897.4082,13459600
10/12/2017,October,2017,20375,20825,20375,20800,20312.44531,20735300
10/13/2017,October,2017,20800,20950,20550,20675,20190.375,11138000
10/16/2017,October,2017,20800,21050,20675,20725,20239.20313,10865600
10/17/2017,October,2017,20750,20750,20050,20500,20019.47656,23186900
10/18/2017,October,2017,20700,20700,20075,20200,19726.50977,24915200
10/19/2017,October,2017,20200,20350,20150,20325,19848.58008,13727800
10/20/2017,October,2017,20500,20950,20350,20350,19872.99414,12151600
10/23/2017,October,2017,20650,21375,20650,21000,20507.75781,12568700
10/24/2017,October,2017,21000,21250,20600,20600,20117.13281,13076000
10/25/2017,October,2017,20600,21050,20400,21050,20556.58398,13884300
10/26/2017,October,2017,20800,21000,20600,20775,20288.03125,8267200
10/27/2017,October,2017,20750,20750,20200,20300,19824.16797,20340200
10/30/2017,October,2017,20325,20475,20300,20425,19946.23438,11042100
10/31/2017,October,2017,20825,20925,20525,20900,20410.10156,15601800
11/1/2017,November,2017,21000,21375,21000,21325,20825.13867,20755300
11/2/2017,November,2017,21500,21625,21400,21475,20971.625,19167800
11/3/2017,November,2017,21500,21500,20700,21025,20532.16992,14014000
11/6/2017,November,2017,21200,21200,21000,21000,20507.75781,7646800
11/7/2017,November,2017,20850,21075,20750,21050,20556.58398,9846900
11/8/2017,November,2017,20900,21125,20800,20800,20312.44531,12303600
11/9/2017,November,2017,20950,21050,20775,20800,20312.44531,10308200
11/10/2017,November,2017,20800,20900,20600,20650,20165.96094,15835700
11/13/2017,November,2017,20525,20700,20400,20475,19995.0625,11392600
11/14/2017,November,2017,20500,20550,20425,20475,19995.0625,10997200
11/15/2017,November,2017,20600,21150,20500,21025,20532.16992,18850700
11/16/2017,November,2017,21200,21200,20950,21025,20532.16992,12302500
11/17/2017,November,2017,21150,21200,20825,21175,20678.6543,25376300
11/20/2017,November,2017,21175,21275,21025,21025,20532.16992,18180500
11/21/2017,November,2017,21225,21225,20875,21125,20629.82617,12739000
11/22/2017,November,2017,21000,21225,21000,21175,20678.6543,17343800
11/23/2017,November,2017,21250,21250,20850,21000,20507.75781,13200700
11/24/2017,November,2017,20875,21050,20775,21000,20507.75781,12177600
11/27/2017,November,2017,20825,21300,20825,21300,20800.72656,15629300
11/28/2017,November,2017,21300,21300,21050,21300,20800.72656,15486400
11/29/2017,November,2017,21300,21325,20925,21175,20756.61328,20674100
11/30/2017,November,2017,21300,21300,20350,20350,19947.91406,41179500
12/1/2017,December,2017,20350,20350,20350,20350,19947.91406,0
12/4/2017,December,2017,20825,21150,20650,20800,20389.02344,25680500
12/5/2017,December,2017,21050,21125,20900,21000,20585.07227,12534100
12/6/2017,December,2017,21150,21375,21000,21300,20879.14648,21259900
12/7/2017,December,2017,21300,21300,20875,20975,20560.56641,13932800
12/8/2017,December,2017,21100,21225,21025,21125,20707.60156,8096000
12/11/2017,December,2017,21250,21250,21000,21075,20658.58984,6594700
12/12/2017,December,2017,21175,21250,20850,21250,20830.13281,13570800
12/13/2017,December,2017,21175,21175,20925,20925,20511.55469,12226200
12/14/2017,December,2017,20925,21150,20875,21100,20683.0957,15110000
12/15/2017,December,2017,20900,21100,20900,21100,20683.0957,12926100
12/18/2017,December,2017,20900,21100,20850,21100,20683.0957,15294800
12/19/2017,December,2017,20950,21250,20950,21100,20683.0957,15310700
12/20/2017,December,2017,21050,21050,20875,20925,20511.55469,20592700
12/21/2017,December,2017,20950,21150,20950,21100,20683.0957,12220000
12/22/2017,December,2017,21175,21675,20975,21500,21075.19336,18914600
12/25/2017,December,2017,21500,21500,21500,21500,21075.19336,0
12/26/2017,December,2017,21500,21500,21500,21500,21075.19336,0
12/27/2017,December,2017,21500,21700,21400,21525,21099.69922,17337800
12/28/2017,December,2017,21500,22000,21475,21925,21491.79688,21300200
12/29/2017,December,2017,22050,22750,21650,21900,21467.29102,16269400
1/1/2018,January,2018,21900,21900,21900,21900,21467.29102,0
1/2/2018,January,2018,21900,22525,21825,21900,21467.29102,16460700
1/3/2018,January,2018,21925,21950,21325,21900,21467.29102,13642800
1/4/2018,January,2018,21900,22225,21900,22225,21785.86719,15313400
1/5/2018,January,2018,22300,22400,22175,22250,21810.37305,13053600
1/8/2018,January,2018,22250,22575,22225,22350,21908.39844,11585600
1/9/2018,January,2018,22500,22550,22450,22525,22079.93945,12242600
1/10/2018,January,2018,22525,22725,22325,22450,22006.42188,9458400
1/11/2018,January,2018,22450,22700,22300,22700,22251.48047,11513800
1/12/2018,January,2018,22700,22725,22325,22425,21981.91602,13318100
1/15/2018,January,2018,22450,22500,22300,22475,22030.92773,8375000
1/16/2018,January,2018,22450,22675,22450,22600,22153.45898,10011000
1/17/2018,January,2018,22700,22700,22150,22150,21712.34961,36600600
1/18/2018,January,2018,22250,22600,22250,22575,22128.95313,16996100
1/19/2018,January,2018,22625,22650,22400,22450,22006.42188,10090100
1/22/2018,January,2018,22550,22575,22425,22475,22030.92773,16273500
1/23/2018,January,2018,22650,22700,22525,22650,22202.4707,13750400
1/24/2018,January,2018,22625,22625,22500,22575,22128.95313,18850900
1/25/2018,January,2018,22550,22650,22450,22575,22128.95313,10730700
1/26/2018,January,2018,22625,22850,22525,22700,22251.48047,11624200
1/29/2018,January,2018,22800,22825,22550,22800,22349.50781,22962900
1/30/2018,January,2018,22700,23450,22650,22800,22349.50781,22811000
1/31/2018,January,2018,22800,22900,22700,22725,22275.98633,21360600
2/1/2018,February,2018,22850,23425,22850,23375,22913.14453,27641600
2/2/2018,February,2018,23625,24700,23600,23975,23501.29102,19694800
2/5/2018,February,2018,23750,24025,23500,23800,23329.74805,9900300
2/6/2018,February,2018,23450,23675,23300,23525,23060.18164,23517900
2/7/2018,February,2018,23650,23975,23475,23500,23035.67578,24389400
2/8/2018,February,2018,23550,23800,23500,23700,23231.72266,13692200
2/9/2018,February,2018,23400,23725,23350,23575,23109.19336,14215300
2/12/2018,February,2018,23800,23800,23500,23500,23035.67578,7681900
2/13/2018,February,2018,23800,23925,23750,23800,23329.74805,11881200
2/14/2018,February,2018,23725,23875,23550,23700,23231.72266,15110600
2/15/2018,February,2018,23900,23925,23450,23450,22986.66406,10591700
2/16/2018,February,2018,23450,23450,23450,23450,22986.66406,0
2/19/2018,February,2018,23675,24250,23650,24250,23770.85547,10037100
2/20/2018,February,2018,24100,24200,23875,24025,23550.30273,6966000
2/21/2018,February,2018,23950,24175,23725,24025,23550.30273,12499800
2/22/2018,February,2018,24100,24175,23750,23900,23427.77344,9443400
2/23/2018,February,2018,24025,24475,23950,24250,23770.85547,16446600
2/26/2018,February,2018,24150,24225,23500,23525,23060.18164,17045500
2/27/2018,February,2018,23725,23775,23300,23550,23084.6875,17485900
2/28/2018,February,2018,23400,23450,23075,23175,22717.0957,26573800
3/1/2018,March,2018,23100,23225,23100,23175,22717.0957,25094900
3/2/2018,March,2018,23075,23125,22750,22875,22423.02539,30302200
3/5/2018,March,2018,23150,23300,22875,22875,22423.02539,17548800
3/6/2018,March,2018,23175,23200,22725,22775,22325.00195,15181400
3/7/2018,March,2018,23100,23150,22525,22600,22153.45898,21230400
3/8/2018,March,2018,23000,23400,22750,23300,22839.62891,20598900
3/9/2018,March,2018,23300,23300,22975,23300,22839.62891,13359400
3/12/2018,March,2018,23400,23650,23350,23625,23158.20703,22236100
3/13/2018,March,2018,23600,23700,23275,23450,22986.66406,16128600
3/14/2018,March,2018,23475,23600,23225,23400,22937.65234,10901100
3/15/2018,March,2018,23400,23425,23250,23375,22913.14453,12154900
3/16/2018,March,2018,23650,23675,23000,23350,22888.64063,38624400
3/19/2018,March,2018,23300,23375,23200,23350,22888.64063,14840000
3/20/2018,March,2018,23275,23300,23000,23275,22815.12305,17936700
3/21/2018,March,2018,23350,23525,23275,23375,22913.14453,13523500
3/22/2018,March,2018,23475,23500,23350,23450,22986.66406,12158300
3/23/2018,March,2018,23000,23800,23000,23800,23329.74805,12595600
3/26/2018,March,2018,23400,23450,23200,23275,22815.12305,20081400
3/27/2018,March,2018,23650,23775,23425,23450,22986.66406,13217600
3/28/2018,March,2018,23450,23450,23150,23325,22864.13477,7242500
3/29/2018,March,2018,23150,23325,22825,23300,22839.62891,15530100
3/30/2018,March,2018,23300,23300,23300,23300,22839.62891,0
4/2/2018,April,2018,23450,23475,23100,23400,22937.65234,7432500
4/3/2018,April,2018,23375,23500,23325,23400,22937.65234,11252200
4/4/2018,April,2018,23500,23500,23025,23300,22839.62891,9975400
4/5/2018,April,2018,23500,23500,23050,23050,22594.56641,4504300
4/6/2018,April,2018,23125,23125,22600,22725,22275.98633,9588300
4/9/2018,April,2018,22850,22900,22575,22775,22325.00195,10202600
4/10/2018,April,2018,22875,23450,22800,23300,22839.62891,15906700
4/11/2018,April,2018,23500,23650,23300,23325,22864.13477,8378300
4/12/2018,April,2018,23325,23325,23050,23150,22692.58984,9191400
4/13/2018,April,2018,23100,23150,22900,22900,22618.51367,14035900
4/16/2018,April,2018,22900,22900,22900,22900,22618.51367,0
4/17/2018,April,2018,22900,22900,22900,22900,22618.51367,0
4/18/2018,April,2018,22825,22975,22725,22975,22692.5918,8743200
4/19/2018,April,2018,22975,22975,22975,22975,22692.5918,0
4/20/2018,April,2018,22975,22975,22975,22975,22692.5918,0
4/23/2018,April,2018,23200,23200,22925,23000,22717.28516,9247200
4/24/2018,April,2018,23100,23125,22875,22925,22643.20703,14444700
4/25/2018,April,2018,22925,22925,22925,22925,22643.20703,0
4/26/2018,April,2018,22925,22925,22925,22925,22643.20703,0
4/27/2018,April,2018,22925,22925,22925,22925,22643.20703,0
4/30/2018,April,2018,21500,22400,21450,22100,21828.34766,18082800
5/1/2018,May,2018,22100,22100,22100,22100,21828.34766,0
5/2/2018,May,2018,22100,22900,22100,22900,22618.51367,16469200
5/3/2018,May,2018,22800,22875,22300,22300,22025.89063,27740900
5/4/2018,May,2018,22300,22325,22000,22025,21754.26953,14826700
5/7/2018,May,2018,22050,22300,21800,22300,22025.89063,9810900
5/8/2018,May,2018,22000,22025,21700,22025,21754.26953,14147800
5/9/2018,May,2018,21525,22900,21525,22900,22618.51367,14418800
5/10/2018,May,2018,22900,22900,22900,22900,22618.51367,0
5/11/2018,May,2018,22750,23050,22550,22750,22470.35742,16000100
5/14/2018,May,2018,22450,22975,22325,22975,22692.5918,11474100
5/15/2018,May,2018,22675,22700,22000,22200,21927.11719,26116600
5/16/2018,May,2018,21900,22400,21900,22375,22099.9668,17437000
5/17/2018,May,2018,22200,22275,22000,22000,21729.57617,16806100
5/18/2018,May,2018,22000,22025,21700,21700,21433.26367,17736200
5/21/2018,May,2018,21550,21725,21475,21650,21383.87891,16447400
5/22/2018,May,2018,21950,22100,21700,22000,21729.57617,12552200
5/23/2018,May,2018,22100,22350,22000,22000,21729.57617,15903100
5/24/2018,May,2018,22300,22625,22275,22450,22174.04492,15539400
5/25/2018,May,2018,22425,22675,22375,22550,22272.81641,12782700
5/28/2018,May,2018,22500,23000,22400,22850,22569.12891,12820900
5/29/2018,May,2018,22850,22850,22850,22850,22569.12891,0
5/30/2018,May,2018,22850,22975,22450,22700,22420.9707,21952300
5/31/2018,May,2018,22875,22950,22450,22700,22420.9707,35604600
6/1/2018,June,2018,22700,22700,22700,22700,22420.9707,0
6/4/2018,June,2018,22950,22975,22800,22925,22643.20703,17917000
6/5/2018,June,2018,22800,22925,22400,22725,22445.66406,15446600
6/6/2018,June,2018,22725,23150,22625,23025,22741.97656,11582700
6/7/2018,June,2018,23150,23150,22900,22975,22692.5918,8136300
6/8/2018,June,2018,22850,23000,22100,22250,21976.50195,34169000
6/11/2018,June,2018,22250,22250,22250,22250,21976.50195,0
6/12/2018,June,2018,22250,22250,22250,22250,21976.50195,0
6/13/2018,June,2018,22250,22250,22250,22250,21976.50195,0
6/14/2018,June,2018,22250,22250,22250,22250,21976.50195,0
6/15/2018,June,2018,22250,22250,22250,22250,21976.50195,0
6/18/2018,June,2018,22250,22250,22250,22250,21976.50195,0
6/19/2018,June,2018,22250,22250,22250,22250,21976.50195,0
6/20/2018,June,2018,22000,22025,21150,21500,21235.72266,50687800
6/21/2018,June,2018,21625,21950,21150,21150,20890.02344,18118700
6/22/2018,June,2018,21400,21925,21100,21925,21655.49805,19301900
6/25/2018,June,2018,21925,22475,21825,22200,21927.11719,12502600
6/26/2018,June,2018,22100,22300,21375,21375,21112.25977,10952700
6/27/2018,June,2018,21400,21700,21350,21350,21087.56641,13461900
6/28/2018,June,2018,21375,21375,20925,20950,20692.48242,23619700
6/29/2018,June,2018,20950,21475,20825,21475,21211.0293,23837600
7/2/2018,July,2018,21650,21650,21425,21450,21186.33789,11888300
7/3/2018,July,2018,21600,21625,20600,20600,20346.78516,14607600
7/4/2018,July,2018,20975,21400,20700,21225,20964.10156,12398900
7/5/2018,July,2018,21050,21300,21000,21225,20964.10156,6828800
7/6/2018,July,2018,20975,21050,20925,20925,20667.79102,7521800
7/9/2018,July,2018,21200,22000,21075,21900,21630.80664,16009900
7/10/2018,July,2018,21850,22000,21400,21900,21630.80664,23327900
7/11/2018,July,2018,21500,22450,21500,22325,22050.58203,19114000
7/12/2018,July,2018,22200,22900,22175,22825,22544.43555,15801600
7/13/2018,July,2018,23000,23075,22800,23025,22741.97656,14787200
7/16/2018,July,2018,23050,23125,22900,23125,22840.74805,14314200
7/17/2018,July,2018,22925,23000,22525,22725,22445.66406,6064400
7/18/2018,July,2018,22950,23200,22950,23200,22914.82617,16018100
7/19/2018,July,2018,23100,23200,23050,23200,22914.82617,15385100
7/20/2018,July,2018,23150,23150,22925,23100,22816.05469,11420800
7/23/2018,July,2018,23200,23500,23100,23350,23062.98242,14031500
7/24/2018,July,2018,23500,23525,23300,23525,23235.83203,17658200
7/25/2018,July,2018,23525,23575,23425,23575,23285.2168,10026300
7/26/2018,July,2018,23225,23625,23225,23325,23038.29102,10863500
7/27/2018,July,2018,23300,23350,23125,23225,22939.51758,9328500
7/30/2018,July,2018,23400,23400,23000,23275,22988.9043,8019300
7/31/2018,July,2018,23200,23300,22650,23275,22988.9043,13360600
8/1/2018,August,2018,23400,23475,23250,23475,23186.44531,11318800
8/2/2018,August,2018,23600,23900,23450,23450,23161.75391,15866600
8/3/2018,August,2018,23450,23650,23350,23450,23161.75391,8280800
8/6/2018,August,2018,23400,23800,23400,23800,23507.45117,12600100
8/7/2018,August,2018,23700,23875,23700,23800,23507.45117,22875800
8/8/2018,August,2018,23900,23950,23550,23925,23630.91406,12940500
8/9/2018,August,2018,24000,24100,23900,24100,23803.76367,13189500
8/10/2018,August,2018,24000,24075,23700,23875,23581.5293,16069600
8/13/2018,August,2018,23525,23550,23050,23325,23038.29102,16036800
8/14/2018,August,2018,23450,23900,23025,23500,23211.13867,17105500
8/15/2018,August,2018,23600,23600,23300,23450,23161.75391,11466100
8/16/2018,August,2018,23450,23475,23200,23375,23087.67578,10580700
8/17/2018,August,2018,23375,23375,23375,23375,23087.67578,0
8/20/2018,August,2018,23500,23900,23425,23900,23606.22266,19366400
8/21/2018,August,2018,23850,23975,23850,23875,23581.5293,13587600
8/22/2018,August,2018,23875,23875,23875,23875,23581.5293,0
8/23/2018,August,2018,23800,24650,23775,24575,24272.92383,29173600
8/24/2018,August,2018,24600,25475,24575,25075,24766.7793,20795000
8/27/2018,August,2018,25100,25350,24675,24775,24470.4668,18257000
8/28/2018,August,2018,25100,25100,24550,24975,24668.00781,12670700
8/29/2018,August,2018,24500,24800,24475,24800,24495.16016,17539100
8/30/2018,August,2018,24975,25150,24925,25075,24766.7793,19254700
8/31/2018,August,2018,25000,25050,24800,24800,24495.16016,22312600
9/3/2018,September,2018,25050,25075,24600,24775,24470.4668,7697900
9/4/2018,September,2018,24825,24900,24500,24750,24445.77344,8454300
9/5/2018,September,2018,24500,24500,23650,24000,23704.99219,19121700
9/6/2018,September,2018,24025,25200,23600,24700,24396.38672,19053000
9/7/2018,September,2018,24825,24850,24375,24850,24544.54492,14510300
9/10/2018,September,2018,24600,24750,24150,24750,24445.77344,13339300
9/11/2018,September,2018,24750,24750,24750,24750,24445.77344,0
9/12/2018,September,2018,24750,24825,23825,23900,23606.22266,17580100
9/13/2018,September,2018,24200,24375,23900,24000,23704.99219,18810200
9/14/2018,September,2018,23900,24200,23700,23975,23680.30078,14494700
9/17/2018,September,2018,23750,23975,23750,23925,23630.91406,7895600
9/18/2018,September,2018,23700,24250,23700,24000,23704.99219,15023900
9/19/2018,September,2018,24075,24225,23825,24000,23704.99219,22311700
9/20/2018,September,2018,24200,24225,23900,23950,23655.60742,12157200
9/21/2018,September,2018,23900,24150,23700,23700,23408.67969,30410400
9/24/2018,September,2018,23900,24075,23800,23925,23630.91406,11980400
9/25/2018,September,2018,24000,24000,23825,23925,23630.91406,8554200
9/26/2018,September,2018,23800,24300,23800,24200,23902.5332,14343100
9/27/2018,September,2018,23900,24125,23850,24000,23704.99219,14200200
9/28/2018,September,2018,23900,24150,23900,24150,23853.14844,19395000
10/1/2018,October,2018,24000,24200,23950,23950,23655.60742,7277600
10/2/2018,October,2018,24075,24200,23750,23950,23655.60742,10127900
10/3/2018,October,2018,23750,23975,23725,23925,23630.91406,6704900
10/4/2018,October,2018,23925,23925,23500,23600,23309.9082,13573900
10/5/2018,October,2018,23550,23550,22975,23050,22766.66992,19649900
10/8/2018,October,2018,23075,23950,23075,23450,23161.75391,11450000
10/9/2018,October,2018,23500,23750,23400,23750,23458.06445,7388000
10/10/2018,October,2018,23900,24125,23250,23375,23087.67578,11878900
10/11/2018,October,2018,23000,23300,22475,22725,22445.66406,20467200
10/12/2018,October,2018,23000,23475,23000,23250,22964.21094,16514900
10/15/2018,October,2018,23500,23850,23475,23850,23556.83789,13190000
10/16/2018,October,2018,23850,24100,23500,24100,23803.76367,9489800
10/17/2018,October,2018,24150,24175,23775,24025,23729.68555,7671800
10/18/2018,October,2018,23800,23875,23600,23600,23309.9082,5872100
10/19/2018,October,2018,23300,23650,23225,23375,23087.67578,9043900
10/22/2018,October,2018,23375,23600,23150,23150,22865.43945,12696800
10/23/2018,October,2018,23400,23425,22875,22950,22667.89844,12432500
10/24/2018,October,2018,23000,23150,22650,22650,22371.58594,11898700
10/25/2018,October,2018,22175,23175,22175,22900,22618.51367,17546500
10/26/2018,October,2018,23100,23600,23000,23600,23309.9082,16798800
10/29/2018,October,2018,23300,23550,23125,23125,22840.74805,6910600
10/30/2018,October,2018,23125,23650,23100,23500,23211.13867,13776500
10/31/2018,October,2018,23750,23875,23500,23650,23359.29492,25781700
11/1/2018,November,2018,23850,24050,23725,23800,23507.45117,23581300
11/2/2018,November,2018,24000,24175,23800,24000,23704.99219,22810900
11/5/2018,November,2018,24000,24250,23950,24175,23877.8418,15350900
11/6/2018,November,2018,24300,24725,24250,24400,24100.07617,18882100
11/7/2018,November,2018,24600,24600,23900,24100,23803.76367,16775100
11/8/2018,November,2018,24400,24500,23900,24000,23704.99219,19947800
11/9/2018,November,2018,24000,24050,23925,24000,23704.99219,12587700
11/12/2018,November,2018,24150,24175,23700,23700,23408.67969,13025000
11/13/2018,November,2018,23700,24100,23350,24075,23779.07031,12246300
11/14/2018,November,2018,24075,24250,23900,24050,23754.37695,13702300
11/15/2018,November,2018,24275,24350,23950,24175,23877.8418,17417100
11/16/2018,November,2018,24350,24900,24300,24825,24519.85156,26829100
11/19/2018,November,2018,25000,25400,24900,25100,24791.4707,20764500
11/20/2018,November,2018,25100,25100,25100,25100,24791.4707,0
11/21/2018,November,2018,25000,25050,24775,24800,24495.16016,21577800
11/22/2018,November,2018,24700,25200,24700,25100,24791.4707,17454000
11/23/2018,November,2018,25300,25450,24875,25100,24791.4707,11492000
11/26/2018,November,2018,24800,25400,24800,25225,24914.93359,12867300
11/27/2018,November,2018,25200,25500,25000,25500,25186.55469,14797800
11/28/2018,November,2018,25625,25625,25400,25450,25137.16992,18137500
11/29/2018,November,2018,25500,26200,25500,26200,25877.94922,22769500
11/30/2018,November,2018,26200,26200,25775,26050,25729.79297,35606900
12/3/2018,December,2018,26075,26975,25500,25800,25566.28906,20184600
12/4/2018,December,2018,25800,26475,25775,26200,25962.66406,23846500
12/5/2018,December,2018,25600,26150,25575,26150,25913.11719,14998800
12/6/2018,December,2018,25850,26300,25600,26300,26061.75977,15090000
12/7/2018,December,2018,25950,26050,25800,25950,25714.92969,14214000
12/10/2018,December,2018,25600,26025,25600,25900,25665.38281,16244200
12/11/2018,December,2018,25650,26000,25625,25800,25566.28906,18603400
12/12/2018,December,2018,25950,25950,25650,25825,25591.0625,24324600
12/13/2018,December,2018,26000,26025,25725,25825,25591.0625,16856100
12/14/2018,December,2018,25800,25900,25700,25825,25591.0625,36887000
12/17/2018,December,2018,25925,26000,25750,25825,25591.0625,20287700
12/18/2018,December,2018,25500,25575,24900,25325,25095.5918,26407800
12/19/2018,December,2018,25200,26150,25200,26150,25913.11719,20444100
12/20/2018,December,2018,25600,25850,25350,25575,25343.32617,18891000
12/21/2018,December,2018,25200,25875,25200,25850,25615.83594,17995900
12/24/2018,December,2018,25850,25850,25850,25850,25615.83594,0
12/25/2018,December,2018,25850,25850,25850,25850,25615.83594,0
12/26/2018,December,2018,25850,26125,25700,26125,25888.34375,13302300
12/27/2018,December,2018,26200,26275,25900,25975,25739.70313,10053100
12/28/2018,December,2018,25975,26200,25900,26000,25764.47656,10893500
12/31/2018,December,2018,26000,26000,26000,26000,25764.47656,0
1/1/2019,January,2019,26000,26000,26000,26000,25764.47656,0
1/2/2019,January,2019,26000,26225,26000,26200,25962.66406,7191200
1/3/2019,January,2019,26000,26100,25575,25900,25665.38281,14471600
1/4/2019,January,2019,25875,26025,25625,26025,25789.25,10293000
1/7/2019,January,2019,26325,26625,26225,26225,25987.4375,14687600
1/8/2019,January,2019,26150,26600,26025,26200,25962.66406,13249500
1/9/2019,January,2019,26500,26600,26125,26275,26036.98633,16974200
1/10/2019,January,2019,26500,26500,25950,26275,26036.98633,22862900
1/11/2019,January,2019,26400,26500,26175,26250,26012.21094,16965300
1/14/2019,January,2019,26100,26175,25750,26000,25764.47656,17509500
1/15/2019,January,2019,26150,26300,25950,26300,26061.75977,17552600
1/16/2019,January,2019,26300,26425,26225,26425,26185.62695,18994500
1/17/2019,January,2019,26450,26650,26425,26650,26408.58789,18330800
1/18/2019,January,2019,26700,27125,26575,27125,26879.28516,20174700
1/21/2019,January,2019,27125,28000,26950,27725,27473.84961,17423600
1/22/2019,January,2019,28000,28100,27250,28000,27746.35938,18381400
1/23/2019,January,2019,28000,28000,27375,27500,27250.88867,19702500
1/24/2019,January,2019,27150,27425,26775,27300,27052.70117,21356200
1/25/2019,January,2019,27000,27600,27000,27500,27250.88867,13788800
1/28/2019,January,2019,27575,27575,27375,27475,27226.11523,13940800
1/29/2019,January,2019,27225,27750,27200,27700,27449.07617,15535800
1/30/2019,January,2019,27800,27800,27475,27600,27349.98242,15257000
1/31/2019,January,2019,27600,28200,27600,28175,27919.77344,27180900
2/1/2019,February,2019,28400,28750,27800,28175,27919.77344,11543900
2/4/2019,February,2019,28175,28175,27500,27500,27250.88867,22769300
2/5/2019,February,2019,27500,27500,27500,27500,27250.88867,0
2/6/2019,February,2019,27500,27700,27475,27675,27424.30273,24399300
2/7/2019,February,2019,27675,27675,27525,27650,27399.5293,12739500
2/8/2019,February,2019,27650,27675,27500,27600,27349.98242,13053700
2/11/2019,February,2019,27600,27650,27300,27475,27226.11523,7527800
2/12/2019,February,2019,27650,27650,27250,27300,27052.70117,19176700
2/13/2019,February,2019,27300,27450,27050,27100,26854.51172,20623100
2/14/2019,February,2019,27025,27025,26900,26900,26656.32422,21747700
2/15/2019,February,2019,26800,27050,26675,26800,26557.23047,16268000
2/18/2019,February,2019,27050,27500,27050,27400,27151.79492,12598200
2/19/2019,February,2019,27100,27400,26900,26900,26656.32422,12893800
2/20/2019,February,2019,27250,27975,27200,27500,27250.88867,17916600
2/21/2019,February,2019,27700,27800,27350,27525,27275.66211,10912300
2/22/2019,February,2019,27375,27625,27300,27450,27201.3418,9654300
2/25/2019,February,2019,27450,27500,27275,27450,27201.3418,9577400
2/26/2019,February,2019,27500,27775,27475,27775,27523.39844,19689200
2/27/2019,February,2019,27825,27850,27725,27825,27572.94531,15703900
2/28/2019,February,2019,27850,27900,27550,27575,27325.20898,19873200
3/1/2019,March,2019,27825,28000,27675,27700,27449.07617,14517900
3/4/2019,March,2019,27600,27700,27575,27675,27424.30273,12782100
3/5/2019,March,2019,27500,27525,27200,27475,27226.11523,9299900
3/6/2019,March,2019,27775,27775,27450,27450,27201.3418,7555400
3/7/2019,March,2019,27450,27450,27450,27450,27201.3418,0
3/8/2019,March,2019,27725,27850,27200,27200,26953.60547,12225200
3/11/2019,March,2019,27650,27650,27300,27525,27275.66211,6493800
3/12/2019,March,2019,27700,27700,27250,27500,27250.88867,8035700
3/13/2019,March,2019,27250,27525,27250,27500,27250.88867,3544400
3/14/2019,March,2019,27250,27475,27250,27400,27151.79492,8219200
3/15/2019,March,2019,27600,27725,27425,27700,27449.07617,8351900
3/18/2019,March,2019,27775,27800,27675,27750,27498.62305,8558200
3/19/2019,March,2019,27700,27725,27425,27450,27201.3418,10305400
3/20/2019,March,2019,27700,27775,27325,27350,27102.24805,8477700
3/21/2019,March,2019,27450,27600,27325,27375,27127.02148,7973200
3/22/2019,March,2019,27325,27500,27325,27425,27176.56836,5920200
3/25/2019,March,2019,27200,27500,27200,27275,27027.92773,4610900
3/26/2019,March,2019,27400,27550,27275,27350,27102.24805,3979100
3/27/2019,March,2019,27550,27550,27300,27425,27176.56836,3560900
3/28/2019,March,2019,27300,27425,27125,27350,27102.24805,6437500
3/29/2019,March,2019,27575,27650,27300,27550,27300.43555,7246800
4/1/2019,April,2019,27750,27750,27400,27500,27250.88867,4357200
4/2/2019,April,2019,27650,27850,27400,27500,27250.88867,7370600
4/3/2019,April,2019,27500,27500,27500,27500,27250.88867,0
4/4/2019,April,2019,27700,27800,27450,27700,27449.07617,9622400
4/5/2019,April,2019,27800,27800,27625,27650,27399.5293,4382700
4/8/2019,April,2019,27525,27700,27250,27400,27151.79492,7982000
4/9/2019,April,2019,27675,27750,27575,27675,27424.30273,5889400
4/10/2019,April,2019,27750,27775,27575,27625,27374.75586,3901700
4/11/2019,April,2019,27800,27800,27400,27400,27151.79492,5071200
4/12/2019,April,2019,27300,27550,27300,27500,27250.88867,3715400
4/15/2019,April,2019,27800,27850,27450,27525,27275.66211,13630400
4/16/2019,April,2019,27475,27525,27375,27475,27226.11523,14203400
4/17/2019,April,2019,27475,27475,27475,27475,27226.11523,0
4/18/2019,April,2019,28000,29025,27900,28125,27870.22656,25866500
4/19/2019,April,2019,28125,28125,28125,28125,27870.22656,0
4/22/2019,April,2019,28125,28400,27925,28125,27870.22656,12567500
4/23/2019,April,2019,28400,28550,27975,28150,27895,9730800
4/24/2019,April,2019,28200,28200,28000,28150,28150,9395000
4/25/2019,April,2019,27675,28100,27625,27975,27975,12296500
4/26/2019,April,2019,27925,28225,27850,28100,28100,13240900
4/29/2019,April,2019,28050,28475,27975,28425,28425,13096100
4/30/2019,April,2019,28350,28800,28350,28750,28750,21521500
5/1/2019,May,2019,28750,28750,28750,28750,28750,0
5/2/2019,May,2019,29000,29050,28375,28425,28425,16175900
5/3/2019,May,2019,28400,28750,28075,28375,28375,11648900
5/6/2019,May,2019,28000,28300,27975,28100,28100,7329900
5/7/2019,May,2019,28375,28550,28250,28300,28300,11835400
5/8/2019,May,2019,28000,28500,27975,28500,28500,11812400
5/9/2019,May,2019,28500,28500,28125,28150,28150,25327300
5/10/2019,May,2019,28050,28400,28000,28050,28050,15226100
5/13/2019,May,2019,28400,28475,28000,28050,28050,12744100
5/14/2019,May,2019,27800,28150,27475,27475,27475,22960100
5/15/2019,May,2019,27775,27775,27225,27300,27300,14413000
5/16/2019,May,2019,27300,27400,26400,26400,26400,17587800
5/17/2019,May,2019,26400,26550,25900,25900,25900,14841400
5/20/2019,May,2019,25900,26950,25700,26900,26900,10952900
5/21/2019,May,2019,27350,27475,27000,27300,27300,19474200
5/22/2019,May,2019,27650,27650,27000,27300,27300,7703800
5/23/2019,May,2019,27200,28025,26700,28025,28025,10985200
5/24/2019,May,2019,28050,28150,28025,28050,28050,7480400
5/27/2019,May,2019,27675,28500,27650,28425,28425,13712800
5/28/2019,May,2019,28275,28850,28275,28675,28675,41984600
5/29/2019,May,2019,29000,29475,28650,28700,28700,26608900
5/30/2019,May,2019,28700,28700,28700,28700,28700,0
5/31/2019,May,2019,28700,29350,28675,29100,29100,19375000
6/3/2019,June,2019,29100,29100,29100,29100,29100,0
6/4/2019,June,2019,29100,29100,29100,29100,29100,0
6/5/2019,June,2019,29100,29100,29100,29100,29100,0
6/6/2019,June,2019,29100,29100,29100,29100,29100,0
6/7/2019,June,2019,29100,29100,29100,29100,29100,0
6/10/2019,June,2019,30000,30950,29050,29400,29400,35847600
6/11/2019,June,2019,29500,29800,29225,29550,29550,14580200
6/12/2019,June,2019,29200,29500,29100,29225,29225,13851100
6/13/2019,June,2019,29425,29425,28950,29025,29025,15760500
6/14/2019,June,2019,29225,29225,28950,29000,29000,11444100
6/17/2019,June,2019,29050,29200,28950,28975,28975,16724800
6/18/2019,June,2019,28975,29500,28975,29500,29500,15757600
6/19/2019,June,2019,29500,29800,29450,29700,29700,13388900
6/20/2019,June,2019,29500,29700,29025,29550,29550,11900900
6/21/2019,June,2019,29550,29675,29200,29400,29400,28829800
6/24/2019,June,2019,29475,29500,29325,29375,29375,6016800
6/25/2019,June,2019,29650,29800,29375,29550,29550,8112300
6/26/2019,June,2019,29700,29700,29300,29325,29325,11866900
6/27/2019,June,2019,29250,29675,29025,29675,29675,15505000
6/28/2019,June,2019,29900,29975,29800,29975,29975,16183800
7/1/2019,July,2019,29975,30125,29825,29950,29950,11322500
7/2/2019,July,2019,29950,30000,29750,30000,30000,9712700
7/3/2019,July,2019,29750,30000,29700,30000,30000,8728000
7/4/2019,July,2019,30000,30050,29825,29950,29950,5644900
7/5/2019,July,2019,30100,30100,29850,29850,29850,6544500
7/8/2019,July,2019,29675,29800,29325,29400,29400,7672200
7/9/2019,July,2019,29350,30000,29350,30000,30000,9548100
7/10/2019,July,2019,30000,30200,29975,30000,30000,10436700
7/11/2019,July,2019,30100,30125,29900,30125,30125,6855900
7/12/2019,July,2019,30000,30150,29975,30050,30050,5967600
7/15/2019,July,2019,30300,30575,30175,30525,30525,12290700
7/16/2019,July,2019,30400,30525,30350,30425,30425,7615000
7/17/2019,July,2019,30400,30750,30225,30750,30750,9097400
7/18/2019,July,2019,30500,30850,30275,30725,30725,8725100
7/19/2019,July,2019,30975,31050,30750,31000,31000,8794700
7/22/2019,July,2019,31300,31450,31000,31450,31450,7462900
7/23/2019,July,2019,31200,31450,31025,31175,31175,7825900
7/24/2019,July,2019,31300,31325,30825,31250,31250,10268700
7/25/2019,July,2019,31350,31375,31000,31250,31250,10695500
7/26/2019,July,2019,31250,31250,30950,30975,30975,10359500
7/29/2019,July,2019,31100,31150,30800,30950,30950,13701900
7/30/2019,July,2019,31025,31250,30950,31100,31100,7645100
7/31/2019,July,2019,30950,31200,30900,30950,30950,12825800
8/1/2019,August,2019,30950,31350,30925,31050,31050,15645600
8/2/2019,August,2019,30800,31025,30800,30825,30825,12597900
8/5/2019,August,2019,31075,31075,30000,30000,30000,18184800
8/6/2019,August,2019,29400,29775,28825,29400,29400,36659200
8/7/2019,August,2019,29875,30250,29525,30050,30050,18420400
8/8/2019,August,2019,30050,30400,29900,30025,30025,11659100
8/9/2019,August,2019,30275,30600,30275,30325,30325,9623700
8/12/2019,August,2019,30350,30400,30000,30200,30200,10541000
8/13/2019,August,2019,30000,30200,30000,30075,30075,16881200
8/14/2019,August,2019,30200,30300,29900,30050,30050,16388400
8/15/2019,August,2019,29600,30000,29300,30000,30000,10512300
8/16/2019,August,2019,30200,30200,29800,29800,29800,9964300
8/19/2019,August,2019,null,null,null,null,null,null
8/20/2019,August,2019,30175,30175,29925,29925,29925,11678700
8/21/2019,August,2019,30000,30025,29875,29875,29875,11185500
8/22/2019,August,2019,29625,30000,29600,30000,30000,13177600
8/23/2019,August,2019,29600,29975,29525,29975,29975,6616700
8/26/2019,August,2019,29700,30000,29300,29950,29950,8277700
8/27/2019,August,2019,30200,30200,29750,30025,30025,24756000
8/28/2019,August,2019,30000,30100,29925,29975,29975,11137600
8/29/2019,August,2019,29950,30125,29925,30025,30025,10305100
8/30/2019,August,2019,30400,30500,30025,30500,30500,14730000
9/2/2019,September,2019,30500,30500,30000,30000,30000,8485800
9/3/2019,September,2019,30000,30275,30000,30275,30275,8548700
9/4/2019,September,2019,30300,30300,30025,30100,30100,8395800
9/5/2019,September,2019,30425,30425,30075,30200,30200,10730100
9/6/2019,September,2019,30300,30300,30125,30125,30125,10869800
9/9/2019,September,2019,30250,30275,29900,30175,30175,5182400
9/10/2019,September,2019,30100,30275,29925,30275,30275,8058200
9/11/2019,September,2019,30250,30500,30050,30500,30500,9048700
9/12/2019,September,2019,30500,30525,30050,30100,30100,8006800
9/13/2019,September,2019,30400,30450,30050,30150,30150,5683900
9/16/2019,September,2019,30000,30075,29925,30025,30025,15457800
9/17/2019,September,2019,29950,30175,29925,30150,30150,18407500
9/18/2019,September,2019,29950,30200,29950,30200,30200,5733400
9/19/2019,September,2019,30075,30225,30000,30150,30150,12397700
9/20/2019,September,2019,30250,30250,29950,29950,29950,26686600
9/23/2019,September,2019,30150,30150,30000,30125,30125,9446300
9/24/2019,September,2019,29900,30000,29700,29725,29725,15943700
9/25/2019,September,2019,29500,29675,28900,29675,29675,17724000
9/26/2019,September,2019,30000,30300,29850,30300,30300,21971800
9/27/2019,September,2019,30025,30375,30000,30350,30350,9602000
9/30/2019,September,2019,30350,30350,30025,30350,30350,14678200
10/1/2019,October,2019,30050,30325,30050,30200,30200,8011400
10/2/2019,October,2019,30050,30350,30050,30250,30250,10475300
10/3/2019,October,2019,30050,30225,29750,30200,30200,10053800
10/4/2019,October,2019,29900,30325,29900,30225,30225,11378100
10/7/2019,October,2019,30350,30400,30250,30350,30350,11341100
10/8/2019,October,2019,30400,30500,30075,30500,30500,9399500
10/9/2019,October,2019,30500,30500,30250,30350,30350,8299300
10/10/2019,October,2019,30100,30550,30100,30550,30550,13161300
10/11/2019,October,2019,30400,30775,30400,30625,30625,8172700
10/14/2019,October,2019,30650,31000,30650,31000,31000,7502900
10/15/2019,October,2019,30950,30950,30725,30875,30875,8187000
10/16/2019,October,2019,31000,31075,30875,31075,31075,13155300
10/17/2019,October,2019,30925,31050,30525,30575,30575,9133300
10/18/2019,October,2019,30800,30850,30700,30800,30800,8201700
10/21/2019,October,2019,31000,31275,30925,31100,31100,11994300
10/22/2019,October,2019,31350,31500,31125,31500,31500,13451900
10/23/2019,October,2019,31500,31525,31300,31375,31375,12443800
10/24/2019,October,2019,31450,31600,31350,31500,31500,14620200
10/25/2019,October,2019,31600,31625,30875,31000,31000,12385900
10/28/2019,October,2019,31000,31250,31000,31025,31025,8649900
10/29/2019,October,2019,31025,31200,30750,31100,31100,15972300
10/30/2019,October,2019,31400,31425,31000,31325,31325,12147600
10/31/2019,October,2019,31350,31500,31250,31450,31450,11684100
11/1/2019,November,2019,31500,31625,31375,31625,31625,8416100
11/4/2019,November,2019,31750,31900,31300,31375,31375,8758900
11/5/2019,November,2019,31750,31800,31350,31800,31800,13232300
11/6/2019,November,2019,31900,31900,31475,31475,31475,12678600
11/7/2019,November,2019,31675,31675,31250,31425,31425,12394400
11/8/2019,November,2019,31575,31575,31250,31400,31400,18008100
11/11/2019,November,2019,31675,31700,31325,31475,31475,14041400
11/12/2019,November,2019,31100,31400,31100,31325,31325,9527100
11/13/2019,November,2019,31325,31425,31325,31400,31400,8016700
11/14/2019,November,2019,31325,31400,31050,31350,31350,7572400
11/15/2019,November,2019,31400,31450,31275,31375,31375,9427600
11/18/2019,November,2019,null,null,null,null,null,null
11/19/2019,November,2019,31650,31750,31500,31575,31575,12023000
11/20/2019,November,2019,31275,31750,31275,31750,31750,8645900
11/21/2019,November,2019,31750,31750,31500,31500,31500,11504700
